queue_id,corpus_row,legal_name,purpose,predicted_sector,predicted_sector_name,top3,margin,stratum,true_sector,keywords_ground_truth,annotator_note
0,4050,MZTA Mehrzwecktrocknungsanlagen GmbH,"- Be- und Verarbeitung landwirtschaftlicher Erzeugnisse, insbesondere die Durchführung von Trocknungsarbeiten in Mehrzweckanlagen, - Handel mit und Vertrieb von landwirtschaftlichen Erzeugnissen, - Ausführung von Dienstleistungen mit Schwerpunkt im landwirtschaftlichen und kommunalen Bereich, - alle damit im Zusammenhang stehenden sowie dem Gesellschaftszweck dienlichen Geschäften.",A,"Agriculture, Forestry and Fishing",A|C|S,0.0811,representative,,,
1,44,Barkhoff & Co. GmbH,"Der Garten- und Landschaftsbau, der Baumschulbetrieb sowie der Groß- und Einzelhandel mit Pflanzen jeder Art und den damit in Verbindung stehenden Artikeln.",A,"Agriculture, Forestry and Fishing",A|S|P,0.0338,representative,,,
2,4469,Pleistocene & Permafrost Stiftung gemeinnützige UG (haftungsbeschränkt),"Beschaffung von Mitteln, insbesondere Sammeln von Spenden oder auf andere Art zur Förderung von Wissenschaft und Forschung; des Naturschutzes und Landschaftspflege im Sinne des Bundesnaturschutzgesetzes und Naturschutzgesetze der Länder, des Umweltschutzes, des Küstenschutzes und des Hochwasserschutzes sowie des Tierschutzes.",A,"Agriculture, Forestry and Fishing",A|O|E,0.0300,representative,,,
3,1104,Stefan Obholzer GmbH,Planung und Gestaltung von Gartenanlagen und Durchführung aller damit zusammenhängenden Arbeiten.,A,"Agriculture, Forestry and Fishing",A|L|F,0.0149,low_margin,,,
4,4241,J. Nollmann Garten- und Landschaftsbau UG (haftungsbeschränkt),Garten- und Landschaftsbau,A,"Agriculture, Forestry and Fishing",A|L|B,0.0116,low_margin,,,
5,5181,Kollektive Mühlenbäckerei 'LEMBAS' Gesellschaft mit beschränkter Haftung,"Gegenstand des Unternehmens ist a) die Herstellung und der Vertrieb von Vollkornbrot unter der Bezeichnung 'LEMBAS' und anderen Vollkornbackwaren. Es wird nur Getreide verwendet, welches umweltfreundlich, ohne synthetische Dünge- und Pflanzenschutzmittel angebaut wird; möglichst nach den Richtlinien eines Verbandes wie Demeter oder Bioland; b) der Vertrieb von Lebensmitteln, die weitgehend nicht nach einer für die Menschheit und die Erde schädlichen Anbauweise angebaut sind; c) der Vertrieb anderer Waren aus Naturstoffen, insbesondere solcher aus Ländern der Dritten Welt, soweit deren Vertrieb dem in den Abschnitten a) und b) genannten Unternehmenszweck nicht entgegensteht und die Aufnahme der Waren durch die Versammlung der Gesellschafter/innen beschlossen wurde. Die Gesellschaft kann gleichartige oder ähnliche Unternehmen gründen, erwerben oder sich an solchen beteiligen.",A,"Agriculture, Forestry and Fishing",A|C|E,0.0084,low_margin,,,
6,2149,Fliesen Galerie GmbH,"der Handel mit Bodenbelägen aller Art, insbesondere mit Fliesen und Naturstein",B,Mining and Quarrying,B|G|A,0.2191,representative,,,
7,4110,DS Bodenbeläge GmbH,Die Durchführung von Bodenbelagsarbeiten.,B,Mining and Quarrying,B|E|L,0.0845,representative,,,
8,1542,reifen & räder profi GmbH,An- und Verkauf von Neu- und Gebrauchtreifen sowie Reifenmontagen und Felgen und Kfz-Zubhör aller Art.,B,Mining and Quarrying,B|G|C,0.0596,representative,,,
9,8868,concrete robotics GmbH,"Verkauf, Vertrieb und Herstellung von mineralischen Feinstäuben für die Produktion von Beton, Teil- oder kompletten Premixes für die Herstellung von hydraulisch gebundenen Betonen. Darüber hinaus vertreibt die Gesellschaft ggf. über eine auszugründende Gesellschaft spezielle Mischer und Mischanlagen für die Produktion von Sonderbetonen sowie Fertigungsanlagen zur Verarbeitung von Sonderbetonen. Vergabe von Lizenzen für den gleichen Unternehmenszweck an externe Firmen sowie die Ausgründung und die Beteiligung an Firmen zur Durchführung des Unternehmenszweck oder die Beteiligung an Firmen die dem Unternehmenszweck dienen, sowie der Abschluss aller damit im Zusammenhang stehenden Geschäfte.",B,Mining and Quarrying,B|C|F,0.0365,representative,,,
10,6968,Wilhelm Steiger Kessel- und Behälterbau Gesellschaft mit beschränkter Haftung,der Kessel- und Behälterbau,B,Mining and Quarrying,B|C|H,0.0206,low_margin,,,
11,7163,HM Main Bau GmbH,Die Erstellung von Rohbauten (Hochbau).,B,Mining and Quarrying,B|A|F,0.0191,low_margin,,,
12,6777,Aegis Coating GmbH,Oberflächenbehandlung und der Korrosionsschutz,B,Mining and Quarrying,B|E|H,0.0099,low_margin,,,
13,5788,Druckhaus Kaufmann GmbH,Die Herstellung und der Vertrieb von Druckerzeugnissen sowie Erzeugnissen des Verlagswesens.,C,Manufacturing,C|G|M,0.1046,representative,,,
14,900,Frantzen Discomatic GmbH,"Die Herstellung und der Vertrieb von Transport-Mitnehmer-Haspel-Dissolverund Kunststoffscheiben, Verschleißteilen, Läppkäfigen, Sonderanfertigungen und ähnlichen Produkten, sowie alle damit zusammenhängenden Geschäfte. Die Gesellschaft kann auch andere Erzeugnisse herstellen und vertreiben.",C,Manufacturing,C|G|H,0.0947,representative,,,
15,2357,Elektro-Reichert GmbH,"ist Planung, Berechnung, Bau, Errichtung, Prüfung, Inbetriebnahme, Wartung und Instandsetzung von elektrischen Anlagen zur Erzeugung, Fortleitung, Umwandlung und Abgabe der elektrischen Energie, Erdungs- und Blitzschutzanlagen, Antennenanlagen, Ruf- und Signalanlagen, elektrischer Energieverbrauchseinrichtungen, sowie elektrischen und elektronischen Betriebsmitteln, sowie der Handel mit branchenähnlichen Produkten. Die Firma darf andere, gleichartige oder ähnliche Unternehmen erwerben oder sich an solchen beteiligen und sämtliche einschlägigen Geschäfte betreiben, die geeignet sind, den Zweck der Gesellschaft zu fördern; desgleichen kann sie die Geschäftsführung solcher Unternehmen ausüben. Sie darf auch Zweigniederlassungen errichten.",C,Manufacturing,C|D|J,0.0824,representative,,,
16,9527,Dünne Schichten Wächtersbach GmbH,"Die Entwicklung, Produktion und der Vertrieb von optischen Geräten aller Art, insbesondere optischen Filtern, sowie sämtliche damit zusammenhängenden Geschäfte und Tätigkeiten.",C,Manufacturing,C|J|G,0.0669,representative,,,
17,9609,Autohaus Armbrüster GmbH,Betrieb eines Autohauses mit Reparaturwerkstatt sowie die Autovermietung und der Karosseriebau.,C,Manufacturing,C|F|L,0.0552,representative,,,
18,9417,M. Trapp GmbH,Gegenstand des Unternehmens der Gesellschaft ist ein Stukkateurbetrieb.,C,Manufacturing,C|G|N,0.0520,representative,,,
19,4010,LILIVITA GmbH,"Entwicklung und Produktion von, sowie Einzel- und Großhandel bzw. Import, Export und Handel mit medizinischen und pharmazeutischen Produkten, Lebensmitteln und Nahrungsergänzungsmitteln sowie artverwandten Gütern sowie Beratung von chinesischen Unternehmen.",C,Manufacturing,C|G|H,0.0516,representative,,,
20,6686,Zweiundvierzigste Babelsberg Film GmbH,"Die Entwicklung, Vorbereitung, Herstellung, Koproduktion sowie die Auswertung eines Filmprojektes.",C,Manufacturing,C|R|F,0.0497,representative,,,
21,8005,Jürgen Lässig Verwaltungs-GmbH,"Gegenstand des Unternehmens ist ausschließlich die Übernahme der persönlichen Haftung und die Geschäftsführung der künftigen Kommanditgesellschaft unter der Firma: Jürgen Lässig GmbH & Co. Kommanditgesellschaft in Geilenkirchen, die den Handel mit Elektrowaren aller Art, die Durchführung von Elektroinstallationen und den Schaltschrankbau zum Gegenstand hat.",C,Manufacturing,C|M|H,0.0430,representative,,,
22,2642,Hugo Roth & Sohn GmbH Bau u. Stuckgeschäft,Gegenstand des Unternehmens ist Ausführung von Bauarbeiten aller Art.,C,Manufacturing,C|F|N,0.0400,representative,,,
23,4710,Jacobs & Partner GmbH,"Betrieb einer Reparaturwerkstatt für Nutzfahrzeuge, insbesondere LKW, Kräne, Forst- und Landmaschinen. Die Gesellschaft übernimmt den Vertrieb und den Service von Forst- und Gartengeräten. Sie rüstet LKW mit Spezialaufbauten aus und vertreibt sie. Die Gesellschaft führt Stahlbau- und Zerspanungsarbeiten durch. Die Gesellschaft handelt mit Neu- und Gebraucht-PKW. Die Gesellschaft vermietet PKW und Kleintransporter.",C,Manufacturing,C|N|S,0.0315,representative,,,
24,7628,HERA Medien UG (haftungsbeschränkt),"Herstellung und Vertrieb (EH) von polygraphischen buchhändlerischen Erzeugnissen eigener und fremder Werke, Werbe- und Promotions-Dienstleistungen (incl. Vorbereitung, Produktion und Veröffentlichung von Werbung und Promotion unter Ausnutzung von allen zugänglichen Mitteln der Polygraphischen und Audiovisuellen Übertragung), Herstellung und Vertrieb von Homepages, Webseiten sowie von Hard- und Software.",C,Manufacturing,C|J|G,0.0216,representative,,,
25,4775,"""Mot""-Gaststättenbetriebs GmbH","Vermietung, Betreibung und die Verpachtung von gastronomischen- bzw. Freizeitbetrieben und der Erwerb der dafür erforderlichen Konzessionen, der Vertrieb und die Aufstellung von Automaten aller Art im In- und Ausland.",C,Manufacturing,C|G|H,0.0205,representative,,,
26,690,INTEWA Ingenieur-Gesellschaft für Energie- und Wassertechnik mbH.,"Gegenstand des Unternehmens ist die Entwicklung, Konzeption und Produktion von Anlagen und Geräten für die Energieund Wassertechnik. Die Gesellschaft darf alle Maßnahmen treffen, die geeignet sind, den Gesellschaftszweck zu fördern. Die Gesellschaft kann sich an anderen Unternehmen, die demselben Zweck dienen oder einen verwandten oder ergänzenden Geschäftszweig führen, beteiligen oder solche Unternehmen erwerben oder kann als Vertreter solcher Unternehmen tätig werden. Die Gesellschaft ist berechtigt, sich an Personengesellschaften als unbeschränkt persönlich haftende Gesellschafterin zu beteiligen, deren Geschäftszweck gegenstandsgleich oder ähnlich ist. Die Gesellschaft ist berechtigt, Zweigniederlassungen zu errichten.",C,Manufacturing,C|N|E,0.0140,representative,,,
27,8370,Autozentrum Ebber GmbH,"Beteiligung als persönlich haftende geschäftsführende Gesellschafterin an der Dillhage-Ebber GmbH & Co. KG in Borken/Westf., die als Unternehmensgegenstand Verwaltung und Halten von Immobilien sowie Vermieten von spezifischen Geräten aller Art eines Kraftfahrzeugbetriebes, wie z.B. Hebebühnen, Werkzeuge etc. hat, sowie Vertrieb von neuen und gebrauchten Kraftfahrzeugen, Vermietung und Leasing von Kraftfahrzeugen, Handel mit Zubehör sowie Ersatzteilen, Instandsetzung von Kraftfahrzeugen und Ausübung aller mit einem Kraftfahrzeugbetrieb zusammenhängenden Tätigkeiten einschließlich Einbringungen von Dienstleistungen für Kraftfahrzeugbetriebe",C,Manufacturing,C|H|M,0.0091,representative,,,
28,1378,Havelland-OWS GmbH,"Die Behandlung und Herstellung von Weinen, sowie der Handel mit Waren zur Produktion und Absatz von Obst, Gemüse und Wein.",C,Manufacturing,C|G|A,0.0045,low_margin,,,
29,1538,GUSA Gesellschaft für Unfall- und Schadenanalysen mbH,"Die Ausarbeitung von Expertisen, Erfassen, Analysieren und Auswerten von Unfallabläufen im Kraftverkehrbereich, Bauwesen und Arbeitssicherheit, Objektaufnahmen unter Beachtung systemtechnischer Gegebenheiten, Schadenbeurteilungen und Auswertungen unter Berücksichtigung der besonderen Umstände. Analysen und Entwicklungen von Verfahrenstechniken, metallurgische Gefügeuntersuchungen, Metallographie, Anlagen und Objektplanungen, statische Auswertungen und Wertermittlung von Anlagen, Objekten und Wirtschaftsgütern. Die Gesellschaft kann sich an anderen Unternehmen in beliebiger Rechtsform beteiligen. Sie kann Zweigniederlassungen errichten. Die Gesellschaft kann alle Geschäfte betreiben, die dem Gesellschaftszweck unmittelbar oder mittelbar zu dienen geeignet sind. Sie kann sieh insbesondere an anderen Unternehmen, auch wenn sie einen anderen Unternehmensgegenstand haben, beteiligen, sie erwerben, die Geschäftsführung für solche Unternehmen übernehmen, sowie Zweigniederlassungen errichten.",C,Manufacturing,C|M|J,0.0042,low_margin,,,
30,1643,Institut für Stadtmarketing Lorenz GmbH,"die Bereitstellung von durch Werbung finanzierten Produkten an gemeinnützige Einrichtung, Kommunen und Vereine sowie das Entwerfen und Vertreiben von Druckerzeugnissen.",C,Manufacturing,C|G|N,0.0042,low_margin,,,
31,9056,Tischlerei Timm GmbH,"Herstellung, Handel und Einbau von Fenstern, Türen, Treppen, Fußböden und anderen Holzelementen, Innausbau und Restauration.",C,Manufacturing,C|F|L,0.0040,low_margin,,,
32,569,Bioenergie Rothtal Verwaltungs GmbH,"Erwerb und Verwaltung von Beteiligungen sowie Übernahme der persönlichen Haftung und der Geschäftsführung bei Handelsgesellschaften, insbesondere die Beteiligung als persönlich haftende Gesellschafterin an der Bioenergie Rothtal GmbH & Co. KG mit dem Sitz in Horgau, die die Errichtung und den Betrieb einer Biogasanlage zur Energieerzeugung sowie Energievermarktung zum Gegenstand hat.",C,Manufacturing,C|M|K,0.0037,low_margin,,,
33,3551,LabTec Laborbedarf Vertriebs-GmbH,Der Vertrieb wissenschaftlicher Geräte und Laborbedarf.,C,Manufacturing,C|J|M,0.0033,low_margin,,,
34,1505,DBD Verwaltung Unternehmergesellschaft (haftungsbeschränkt),Übernahme der Funktion des geschäftsführenden Gesellschafters und Komplementärs sowie des Liquidators der DBD Deutsche Biodiesel GmbH & Co. KG i.L. mit Sitz in Berlin.,C,Manufacturing,C|M|H,0.0031,low_margin,,,
35,5889,MS Gyros & Meat GmbH Gyrosproduktion & Fleischhandelsgesellschaft,"Produktion und Handel von Fleischwaren und Fleischerzeugnissen sowie Import, Export, Gross- und Einzelhandel mit Lebensmitteln aller Art zur Deckung des Gastronomiebedarfs",C,Manufacturing,C|G|A,0.0030,low_margin,,,
36,9024,Earth Alliance GmbH,"Import, Export und Handel von Umwelttechnologie und Erbringung von damit im Zusammenhang stehenden Dienstleistungen.",C,Manufacturing,C|H|G,0.0027,low_margin,,,
37,4302,Huifeng Europe Verwaltungs GmbH,"Die Geschäftsführung der Huifeng Europe GmbH & Co.KG., die ihrerseits folgenden Geschäftszweck hat: Consulting, Marketing und Distribution von chemischen Produkten und anderen Handelsgütern.",C,Manufacturing,C|M|G,0.0023,low_margin,,,
38,1011,Gerstmayr Entsorgung & Recycling GmbH,"Erfassen und Sortieren von Wertstoffen und Recycling-Produkten sowie der Handel damit. Zur Erreichung dieses Zweckes ist die Gesellschaft zu allen Geschäften befugt, die - unmittelbar oder mittelbar - entweder dem Gesellschaftszweck zu dienen oder den Gegenstand des Unternehmens zu fördern geeignet sind. Die Gesellschaft darf andere Unternehmen im In- und Ausland übernehmen, vertreten und sich an solchen Unternehmen beteiligen. Sie darf auch Zweigniederlassungen errichten.",C,Manufacturing,C|G|N,0.0022,low_margin,,,
39,8555,Jeschke Gas-Wasser-Technologien GmbH,"Gegenstand des Unternehmens ist die Planung, Herstellung und Vertrieb von Transportsystemen für eigene und fremde Rechnung, insbesondere Anlagen- und Rohrleitungssystemen aus Werkstoffen aller Art, für flüssige, gasförmige und feste Stoffe. Eingeschlossen sind Arbeiten für die dazu erforderlichen Mess-, Regel- und Steuerungstechniken. Gegenstand des Unternehmens ist ferner die Vermietung/Verpachtung von Grundstücken und beweglichen Anlagegütern.",C,Manufacturing,C|H|E,0.0018,low_margin,,,
40,4658,MDG Verwaltungs-GmbH,Verwaltung von Beteiligungen an Unternehmen und insbesondere die Übernahme der Stellung als persönlich haftende Gesellschafterin der MDG Mechanische Fertigung GmbH & Co. KG,C,Manufacturing,C|M|N,0.0015,low_margin,,,
41,4766,Weiten Industrie-Service Verwaltungsgesellschaft mbH,"Handel und Verkauf sowie Herstellung von Schutzbelüftungsanlagen, Klimaanlagen, Partikelfilteranlagen und sonstigen verfahrenstechnischen Aufreinigungsanlagen und alle zweckdienlichen Geschäfte, die im Zusammenhang stehen",C,Manufacturing,C|G|E,0.0007,low_margin,,,
42,4871,Niggenaber und Dirksmeier -KFZ- Handel u. Reparatur GmbH,"Gegenstand des Unternehmens ist Handel, Reparatur und Instandsetzung von Kraftfahrzeugen und Fahrzeugen aller Art.",C,Manufacturing,C|G|H,0.0006,low_margin,,,
43,5244,Bella Sicilia UG (haftungsbeschränkt),Gastronomiebetrieb.,D,"Electricity, Gas, Steam and Air Conditioning Supply",D|C|I,0.0967,representative,,,
44,410,SPH Sustainable Process Heat GmbH,"die Entwicklung, die Herstellung und die Vermarktung von industriellen thermodynamischen Lösungen, insbesondere Wärmepumpen, und alle verwandten Geschäftszwecke.",D,"Electricity, Gas, Steam and Air Conditioning Supply",D|C|E,0.0614,representative,,,
45,3261,SPR Montage GmbH,Gegenstand des Unternehmens ist die Montage von Anlagen zur Erzeugung regenerativer Energie.,D,"Electricity, Gas, Steam and Air Conditioning Supply",D|C|F,0.0588,representative,,,
46,6259,Umwelttechniken A-G-Z Südwest GmbH,"Gegenstand des Unternehmens ist die Ausrüstung und Umrüstung von Kraftfahrzeugen auf Gasbetrieb, die Instandsetzung und Wartung von Gasanlagen im Camping- und Fahrzeugbereich, der Handel von Industrieanlagen und Kraftfahrzeugen und deren Reparatur, die Verarbeitung von Rohstoffen und der Handel mit Rohstoffen im Rahmen von nicht konzessionierten Warenarten.",D,"Electricity, Gas, Steam and Air Conditioning Supply",D|C|H,0.0561,representative,,,
47,2895,Bioenergie und Logistik Sachsen GmbH,"Handel mit Biomasse, organischen Energieträgern, agrarnahen Rohprodukten; Consulting für Bioenergie und Entwicklung ganzheitlicher Lösungen zur Nutzung von Biomasse; Werkverkehr und Transporte/Güterkraftverkehr für Dritte.",D,"Electricity, Gas, Steam and Air Conditioning Supply",D|C|A,0.0345,representative,,,
48,5020,"REIWA GmbH Heizungs-, Lüftungs- und Sanitäreinbau","Erstellen und Vertrieb von Heizungs-, Lüftungs- und Sanitäreinbau-Anlagen.",D,"Electricity, Gas, Steam and Air Conditioning Supply",D|E|C,0.0191,low_margin,,,
49,532,Rudelsdorfer Bioenergie GmbH,Erzeugung von Bioenergie in Rudelsdorf sowie alle damit in Zusammenhang stehende Betätigungen,D,"Electricity, Gas, Steam and Air Conditioning Supply",D|C|B,0.0186,low_margin,,,
50,7354,TECHNIKPLAN Ingenieurgesellschaft mbH,"Planung, Projektleitung und Projektsteuerung, Bauüberwachung von gebäudetechnischen Gewerken wie Heizung, Lüftung, Klima, Kälte, Sanitär, Feuerlöschanlagen, Großküchen, Brandschutz, Starkstrom, Schwachstrom, Fernmelde- und Datentechnik, Beleuchtung, Tageslichttechnik, Hoch- und Mittelspannung, Leistungen zu Betrieb und Instandhaltung von Gebäuden und Anlagen, wie Facility Management, Energiemanagement, Contracting, sowie sämtliche dabei anfallende Aufgaben im weitesten Sinne.",D,"Electricity, Gas, Steam and Air Conditioning Supply",D|F|J,0.0164,low_margin,,,
51,3618,MultiCon GmbH,Der Aufbau und Betrieb eines Emissionshauses für die Entwicklung von geschlossenen Fonds in der Rechtsform einer GmbH & Co. KG.,D,"Electricity, Gas, Steam and Air Conditioning Supply",D|K|F,0.0098,low_margin,,,
52,725,Elektro Wiesmann UG (haftungsbeschränkt),Erbringung von Elektroinstallationsarbeiten und der Handel mit Elektroartikeln.,D,"Electricity, Gas, Steam and Air Conditioning Supply",D|C|H,0.0086,low_margin,,,
53,3873,"CONTA 2000 GmbH Containerdienst-, Erd- und Abbrucharbeiten","Die Durchführung von Erd- und Abbrucharbeiten sowie die Unterhaltung von Containerdiensten, einschließlich des Einsammelns und Beförderns von Abfällen sowie der Straßen- und Tiefbau, Mauerer- und Betonbauerhandwerk.",E,"Water Supply, Sewerage, Waste Management",E|N|S,0.2225,representative,,,
54,102,Mario-Graf Recycling GmbH,"Der Handel mit Abfällen, Schrott und Metallen, der Gebäudeabbruch, die Beratung im Abfall- und Recyclingbereich, der Handel und Verleih von Maschinen, der Betrieb einer Brech- und Klassieranlage, die Holzaufbereitung sowie die Erstellung von Betonformstücken.",E,"Water Supply, Sewerage, Waste Management",E|B|C,0.1193,representative,,,
55,3546,Norbert Schmitz GmbH Gas-. Wasser- Sanitärinstallation,die Installation und Reparatur von Gas-. Wasser- und Sanitäranlagen aller Art sowie sämtliche damit zusammenhängenden Geschäfte,E,"Water Supply, Sewerage, Waste Management",E|D|C,0.1032,representative,,,
56,4887,ALE GmbH,"Recycling von Baustoffen durch Dritte, Allgemeine Logistik, Entsorgung für Baubetriebe, der Handel mit und die Vermietung von Baumaschinen, LKW und PKW; die Arbeitnehmerüberlassung (nicht befristet) nach den §§ 1 und 2 des Gesetzes zur Regelung der Arbeitnehmerüberlassung.",E,"Water Supply, Sewerage, Waste Management",E|H|C,0.0396,representative,,,
57,5183,REH GmbH Dienstleistungen,"die Durchführung von Gebäudeinnen- und Außenreinigung, Fenster- und Fassadenreinigung sowie Straßen- und Parkplatzreinigung einschließlich Schneeund Eisbeseitigung von Geh- und Fahrwegen, Handel mit Reinigungsprodukten, ferner die Durchführung von Reinigungs- und Desinfektionsmaßnahmen in Krankenhäusern, Kliniken, Pflege- und Altenheimen und ähnlichen sozialen Einrichtungen sowie die Durchführung von ähnlichen, damit verbundenen Dienstleistungen in diesen Bereichen",E,"Water Supply, Sewerage, Waste Management",E|S|N,0.0183,low_margin,,,
58,5604,Laible Brandschutztechnik GmbH,"Vertrieb, Wartung und Instandsetzung von tragbaren und fahrbaren Löschsystemen. Wartung und Instandsetzung von stationären Löschanlagen. Erstellung von Brandschutzplänen- und Konzepten.",E,"Water Supply, Sewerage, Waste Management",E|D|H,0.0125,low_margin,,,
59,7647,DEHÖMA Fuhrbetrieb und Containerdienst GmbH,"Der Betrieb eines Containerdienstes, die Baumaschinenvermietung, der Güternahverkehr, Erdbau und Abrissarbeiten..",E,"Water Supply, Sewerage, Waste Management",E|H|C,0.0065,low_margin,,,
60,7673,RRS Rhein Ruhr Service GmbH,"Facilitymanagement, Gebäudemanagement und Gebäudereinigung.",E,"Water Supply, Sewerage, Waste Management",E|L|N,0.0050,low_margin,,,
61,5508,Bauwerk Schuhr UG (haftungsbeschränkt),"Bausanierung, Instandhaltung sowie Anund Umbau von Gebäuden.",F,Construction,F|L|E,0.1194,representative,,,
62,4668,Löser Zimmerei und Holzbau GmbH,Erstellung und Reparatur von Dachstühlen und Holzkonstruktionen.,F,Construction,F|L|H,0.0490,representative,,,
63,5796,Besescheck UG (haftungsbeschränkt),"Der Einbau von genormten Baufertigteilen, Holz- und Bautenschutz, Handel mit Dachbaustoffen.",F,Construction,F|L|C,0.0489,representative,,,
64,6981,Istanbul in Angermünde UG (haftungsbeschränkt),Betrieb eines Imbissgrills mit Restauration,F,Construction,F|B|L,0.0464,representative,,,
65,3733,Abwicklungsgesellschaft Ickes Bau GmbH,"Ausführung aller Arbeiten im Tief- und Hochbau, Rohrleitungsbau, Erdkabelbau, Gartenbau.",F,Construction,F|C|B,0.0427,representative,,,
66,9141,Tobi's Haustechnik UG (haftungsbeschränkt),"Ausführung von Trockenbauarbeiten, malerähnlichen Tätigkeiten, Innenausstattung, Holz- und Bautenschutz, Reinigung, Abbruch, Entrümpelung, Haustechnik.",F,Construction,F|C|L,0.0381,representative,,,
67,9466,"""Sorabia"" Bau GmbH",Betrieb eines Bauunternehmens sowie aller damit in Zusammenhang stehender Betätigungen,F,Construction,F|N|C,0.0256,representative,,,
68,9784,Nistora Bau UG (haftungsbeschränkt),"die Durchführung von Abriß- und Trockenbauarbeiten, Bauhilfs- und Nebentätigkeiten, Eisenflechterei und Baustellenreinigung",F,Construction,F|B|E,0.0115,low_margin,,,
69,3708,Paul Weiß Bauunternehmung Gesellschaft mit beschränkter Haftung,"Betrieb einer Bauunternehmung für Hochund Tiefbau, insbesondere die Fortführung des Geschäftsbetriebs der Firma Paul Weiß KG. Bauunternehmung mit dem Sitz in Nürnberg.",F,Construction,F|H|L,0.0114,low_margin,,,
70,2501,SCHOENBAU GmbH,"die Planung und der Bau von Gebäuden aller Art, Vergabe von Bauleistungen an Subunternehmen, Grundstücke bebaut und unbebaut zu erwerben und zu verkaufen. Im- und Export von Baumaterialien, Bauteilen und Fertighäusern, sowie alle damit direkt und indirekt im Zusammenhang stehenden Tätigkeiten.",F,Construction,F|L|C,0.0073,low_margin,,,
71,5840,officium design engineering GmbH,"Die Erstellung von Generalplanungsleistungen, insbesondere für Seiltragwerke, z.B. für Zoogehege und Bauwerke sowie für Messestände und Designerprodukte.",F,Construction,F|S|M,0.0048,low_margin,,,
72,9177,Winkler Bau GmbH,Tätigkeiten des Maurerhandwerkes,F,Construction,F|B|L,0.0035,low_margin,,,
73,398,Heitkamp Ingenieur- und Kraftwerksbau GmbH,"die Übernahme von Planung, Koordinierung, Ausführung und Überwachung von Bauleistungen aller Art, insbesondere im Kraftwerksbau.",F,Construction,F|N|M,0.0015,low_margin,,,
74,7804,rutaNatur GmbH,"Handel sowie Online-Handel mit Lebensmitteln, Genussmitteln, Drogerieartikeln, Haushaltswaren und sonstigen Gegenständen des täglichen Bedarfs, mit Kunsthandwerk, Designobjekten, Accessoires, Textilien, Bekleidung, Spielwaren, Schreibwaren und Druckerzeugnissen; Betrieb von Cafes und Vermittlung von Reisen",G,Wholesale and Retail Trade,G|I|C,0.1451,representative,,,
75,6067,Dude & Kuhlmann Sportwagen GmbH,der An- und Verkauf von italienischen Sportwagen sowie alle damit in sachlichem oder wirtschaftlichem Zusammenhang stehenden Geschäfte.,G,Wholesale and Retail Trade,G|K|C,0.1417,representative,,,
76,7383,CTS Mobilestore UG (haftungsbeschränkt),"Handel und Vertrieb von Waren aller Art, insbesondere mit Unterhaltungs- und Kommunikationsgeräten; die Erbringung von Dienstleistungen aller Art, soweit hierfür keine behördliche Erlaubnis erforderlich ist, und der Betrieb von Ladenlokalen sowie die Erbringung von Dienstleistungen zur Handels- und Vertriebsunterstützung.",G,Wholesale and Retail Trade,G|H|S,0.1288,representative,,,
77,2892,J.M.K.S. Export-Import GmbH,Der Import und Export mit Waren aller Art.,G,Wholesale and Retail Trade,G|H|C,0.1224,representative,,,
78,4173,HIMMELBAUER GmbH,"der Import, Export und Vertrieb von Nahrungs- und Nahrungsergänzungsmitteln",G,Wholesale and Retail Trade,G|C|A,0.0846,representative,,,
79,7297,Verwaltungsgesellschaft Pio Kunststoffe mbH,"Gegenstand geändert; nun: Der Erwerb und die Verwaltung von Beteiligungen sowie die Übernahme der persönlichen Haftung und der Geschäftsführung bei Handelsgesellschaften, insbesondere die Beteiligung als persönlich haftende und geschäftsführende Gesellschafterin an der Chemische Fabrik Knoell GmbH & Co. KG mit Sitz in Freiburg i. Breisgau, und ggfls. weiteren Kommanditgesellschaften, die ihrerseits die Verwaltung eigenen Vermögens zum Gegenstand haben.",G,Wholesale and Retail Trade,G|L|K,0.0661,representative,,,
80,6967,Bodenbeläge Gessner GmbH,Gegenstand des Unternehmens ist der Verkauf und das Verlegen von Bodenbelägen aller Art sowie das Verlegen und die Reparatur von Estrichen.,G,Wholesale and Retail Trade,G|C|S,0.0637,representative,,,
81,8659,Freilandeier Verwaltungs GmbH,"der Erwerb und die Verwaltung von Beteiligungen sowie die Übernahme der persönlichen Haftung und der Geschäftsführung bei Handelsgesellschaften, insbesondere die Beteiligung als persönlich haftende geschäftsführende Gesellschafterin an der Kommanditgesellschaft in Firma Obermooshamer Freilandeier GmbH & Co. KG mit dem Sitz in Niederbergkirchen, die die gewerbliche Produktion und die Vermarktung sowie den Handel von und mit landwirtschaftlichen Erzeugnissen, insbesondere von und mit Eiern sowie die gewerbliche Vermietung und Verpachtung zum Gegenstand hat.",G,Wholesale and Retail Trade,G|C|M,0.0620,representative,,,
82,5928,MEAMA Deutschland GmbH,"der Im- und Export sowie der Handel mit Waren verschiedener Art, insbesondere Lebensmitteln, die Vermittlung von Handelsgeschäften auf Provisionsbasis sowie die Immobilienverwaltung und die Durchführung und Vermittlung von Bau , insbesondere Beton-, Maurer- und Trockenarbeiten, ferner der Betrieb einer Autovermietung.",G,Wholesale and Retail Trade,G|C|H,0.0565,representative,,,
83,4816,CIB GmbH,"Einkauf von Süßwaren, Veranstaltungen, Vertrieb von Tee, Schokolade und Kakao sowie Verkauf von alkoholischen und nichtalkoholischen Heiß- und Kaltgetränken, Backwaren, Süßigkeiten, Lebensmitteln und Getränken sowie Vermietung von beweglichen Gegenständen, je einschließlich aller damit im Zusammenhang stehenden Tätigkeiten.",G,Wholesale and Retail Trade,G|I|R,0.0530,representative,,,
84,1715,MIWA Getränkevertriebs GmbH,Groß- und Einzelhandel mit Getränken aller Art.,G,Wholesale and Retail Trade,G|I|R,0.0474,representative,,,
85,8374,Panashiba Europe GmbH,"der Import, sowie Verkauf und der Vertrieb von elektronischen Geräten der Marke Panashiba und anderer Güter in Europa;",G,Wholesale and Retail Trade,G|C|H,0.0407,representative,,,
86,4517,Romachova GmbH,Übernahme der Rechtsstellung eines Komplementärs in der redsquare GmbH & Co. KG,G,Wholesale and Retail Trade,G|M|U,0.0378,representative,,,
87,661,ROSENSTRASSE 35 Beteiligungsgesellschaft mbH,"Gegenstand des Unternehmens ist, Beteiligungen an Industrie-, Handels- und Schiffahrtsunternehmen zu erwerben, zu verwalten oder zu verwerten und alle hiermit zusammenhängenden Geschäfte vorzunehmen.",G,Wholesale and Retail Trade,G|C|K,0.0369,representative,,,
88,8396,Mittermaier und Laumer GmbH,Vermietung und Verpachtung von Grundvermögen und damit im Zusammenhang stehenden Geschäfte.,G,Wholesale and Retail Trade,G|T|K,0.0340,representative,,,
89,8801,KUNZE Beteiligungs GmbH,"Die Übernahme, der Erwerb, das Halten und die Veräußerung von Beteiligungen an der im Handelsregister des Amtsgerichts Hamburg unter HRB 161915 eingetragenen Gesellschaft mit beschränkter Haftung unter der Firma Deutsche Hausverwaltung Plus GmbH mit dem Sitz in Hamburg.",G,Wholesale and Retail Trade,G|H|L,0.0322,representative,,,
90,6126,Hyalvomed UG (haftungsbeschränkt),"der Handel mit Hyaluron und Schönheitsprodukten, die Unterspritzung von Hyaluron in Hyalumed Instituten und angeschlossenen Praxen",G,Wholesale and Retail Trade,G|Q|C,0.0316,representative,,,
91,8003,Pulver GmbH,"Entwicklung, Handel und Vertrieb von und mit nicht genehmigungspflichtigen Waren, insbesondere Sitzmöbeln, ebenso die Durchführung aller damit zusammenhängenden Geschäfte oder Handlungen, soweit sie zur Erreichung des Gesellschaftszweckes dienlich erscheinen oder die Unternehmung der Gesellschaft zu fördern geeignet sind.",G,Wholesale and Retail Trade,G|S|I,0.0218,representative,,,
92,7846,Ho Da Verwaltungs- GmbH,"Der Erwerb und die Verwaltung von Beteiligungen sowie die Übernahme der persönlichen Haftung und der Geschäftsführung bei Handelsgesellschaften, insbesondere die Beteiligung als persönlich haftende geschäftsführende Gesellschafterin an der HoDa GmbH & Co. KG.",G,Wholesale and Retail Trade,G|K|N,0.0169,representative,,,
93,6476,E.A.S Culture & Consultant GmbH,"der Handel, die Beratung, die Organisation und Koordination von Aus- und Weiterbildung oder akademischen und kulturellen Austauschprogrammen, insbesondere im Bereich des Jugendaustauschs zwischen China und Europa insbesondere Klassenfahrten und Jugendcamps. Die Gesellschaft darf auch maßgeschneiderte Dienstleistungen für erwachsene Reisegruppen durchführen. Die Gesellschaft ist ferner tätig auf dem Gebiet der Vermittlung und Betreuung von Geschäftskontakten zwischen China und Europa, sowie dem Studentenaustausch und der Lehrerausbildung. Die Gesellschaft ist zudem tätig im Im- und Export, dem Vertrieb und Handel mit Lehrmittel sowie Im- und Export, Vertrieb und Handel von Waren aller Art und darf alle damit im Zusammenhang stehenden Nebengeschäfte erbringen. Gegenstand des Unternehmens sind auch Eventmanagement, Ausbildungsmanagement sowie der Betrieb einer Künstleragentur. Die Gesellschaft darf Geschäfte jeder Art durchführen, die dem Unternehmensgegenstand unmittelbar oder mittelbar dienen oder diesen ergänzen.",G,Wholesale and Retail Trade,G|U|J,0.0081,low_margin,,,
94,6084,tomjot GmbH,die Vermarktung von Software sowie die Erbringung von Dienstleistungen rund um Vertrieb und Marketing,G,Wholesale and Retail Trade,G|J|N,0.0072,low_margin,,,
95,6492,Autohaus Dörfer GmbH,"Gegenstand des Unternehmens ist der Betrieb eines Autohauses, einer Kfz.- Werkstatt und Lackiererei, An- und Verkauf von Neu- und Gebrauchtwagen, Groß- und Einzelhandel mit Kfz.-Ersatzteilen, 1,2,3- Autoservice, Mietwagenservice sowie der Betrieb einer Versicherungsagentur.",G,Wholesale and Retail Trade,G|L|K,0.0066,low_margin,,,
96,7435,UED-Dienstleistungs Aktiengesellschaft,"Die Vermittlung von deutscheuropäischen Konsumgütern, Touristik-, Finanz- und Telekommunikationsdienstleistungen.",G,Wholesale and Retail Trade,G|I|H,0.0066,low_margin,,,
97,5359,Industrietor Montage-Service & Handels- GmbH,"Gegenstand des Unternehmens sind Montagen, Reparaturen, Kundendienst für für Industrietore aller Art, Handel mit Toren und Tor-Zubehörteilen, Handel mit Bedarfsartikeln und Baubeschlägen und artverwandte Artikel für den Metallbau und Schlosserei.",G,Wholesale and Retail Trade,G|S|N,0.0064,low_margin,,,
98,7351,Güterkraftverkehr Werner Groß GmbH,Durchführung des gewerblichen Güternahverkehrs und Handel mit Kohlen.,G,Wholesale and Retail Trade,G|H|D,0.0062,low_margin,,,
99,9489,Port Gager Geschäftsführungs-GmbH,"Übernahme von Beteiligungen an anderen Unternehmen und die Übernahme der Verwaltung und Geschäftsführung in Personengesellschaften, insbesondere in Unternehmen aus den Bereichen der gewerblichen Touristik sowie Unternehmen im Bereich der Lebensmittelproduktion und -verarbeitung und des Lebensmittelversandes, insbesondere, jedoch nicht beschränkt auf den Bereich von Fisch- und Feinkostprodukten",G,Wholesale and Retail Trade,G|I|C,0.0057,low_margin,,,
100,6532,Westend Verlags- und Werbegesellschaft mbH,"Die Herausgabe und der Verlag von Zeitschriften, sonstigen Publikationen und elektronischen Medien sowie der Betrieb einer Agentur für Werbung und Verkaufsförderung und die Vornahme und Vermittlung gleichartiger oder ähnlicher Geschäfte und damit zusammenhängeder Leistungen.",G,Wholesale and Retail Trade,G|J|M,0.0054,low_margin,,,
101,9424,Fliesen Höning Verwaltungs- und Beteiligungs-GmbH,"die Übernahme der Stellung der persönlich haftenden und zur Geschäftsführung berechtigten Gesellschafterin in der Fliesen Höning GmbH & Co., KG. mit dem Sitz in Billerbeck, deren Unternehmensgegenstand a) der Handel mit Fliesen, Steinzeug und Keramikprodukten, b) der Handel mit Pflegemitteln für Fliesen, Steinzeug und Keramikproduken, c) der Handel mit Material, Zuberhör und Werkzeug für die Verlegung und Verarbeitung von Fliesen, Steinzeug und Keramikprodukten, d) die Verlegung von Fliesen, Steinzeug und Keramikprodukten ist. Zur Erreichung dieses Zwecks ist die Gesellschaft zu allen Geschäften und Rechtshandlungen berechtigt, die mittelbar oder unmittelbar der Förderung des Gesellschaftszwecks dienen.",G,Wholesale and Retail Trade,G|C|M,0.0028,low_margin,,,
102,1142,H&K+S Agentur für Werbung GmbH,"Konzeption und Marketing, die Durchführung von Werbekampagnen sowie deren Produktion und mediale Umsetzung, Verkaufsförderung, Event-Marketing, PR und Sponsoring sowie alle damit im Zusammenhang stehenden Geschäfte.",G,Wholesale and Retail Trade,G|R|M,0.0026,low_margin,,,
103,2494,Klinkrader Dorfbäckerei GmbH,"die Herstellung von und der Handel mit Backwaren aller Art und artverwandter Geschäfte. Die Gesellschaft ist zu allen Geschäften und Maßnahmen berechtigt, die dem Gegenstand des Unternehmens dienen. Sie kann zu diesem Zweck auch andere Unternehmen gründen, erwerben und sich an ihnen beteiligen.",G,Wholesale and Retail Trade,G|C|S,0.0023,low_margin,,,
104,4369,Roeser Medical GmbH,"Der Verkauf von Medizinprodukten des medizinisch-technischen Bedarfs an Krankenhäuser, Kliniken, Sanatorien, Arztpraxen, einzelne Privatkunden sowie andere Bedarfsträger medizintechnischer Güter zur Diagnostik und Therapie sowie die Vermietung von Medizinprodukten unter Einschluss von Leasingverträgen hierüber; Planung und Ausführung medizintechnischer Einrichtungen vorgenannter Bedarfsträger; technische Service Leistungen wie Montage, Wartung und Instandhaltung von Medizinprodukten für Diagnostik und Therapie.",G,Wholesale and Retail Trade,G|S|Q,0.0022,low_margin,,,
105,6957,Seibel Beteiligungsgesellschaft mbH,"Erwerb und die Verwaltung von Beteiligungen sowie die Übernahme der persönlichen Haftung und der Geschäftsführung bei Handelsgesellschaften, insbesondere die Beteiligung als persönlich haftende geschäftsführende Gesellschafterin an der Portlandzementwerke Seibel und Söhne GmbH & Co. KG mit dem Sitz in Erwitte.",G,Wholesale and Retail Trade,G|M|N,0.0019,low_margin,,,
106,4355,Verwaltungsgesellschaft RST Rostock Sugar Terminal mbH,"Übernahme von Verwaltungstätigkeiten, insbesondere auch die Übernahme der persönlichen Haftung bei Kommanditgesellschaften sowie der Imund Export, Umschlag, Verpackung und Lagerung von Zucker sowie alle damit im Zusammenhang stehenden Geschäfte.",G,Wholesale and Retail Trade,G|N|K,0.0019,low_margin,,,
107,2805,Units UG (haftungsbeschränkt),Gegenstand des Unternehmens ist Erwachsenenbildung und kindliche Früherziehung und der Handel mit Antikmöbel.,G,Wholesale and Retail Trade,G|P|T,0.0016,low_margin,,,
108,1027,IDC-Worms Projektgesellschaft mbH,"der Erwerb, die Veräußerung, das Halten und Verwalten von Grundbesitz.",G,Wholesale and Retail Trade,G|L|T,0.0011,low_margin,,,
109,6200,LATHO UG (haftungsbeschränkt),"Gegenstand des Unternehmens ist der Erwerb, das langfristige Halten und die Verwaltung von Beteiligungen jeglicher Art an Unternehmen unter Einschluss etwaiger zukünftiger Veräußerungen insbesondere aus dem Bereich der Softwarebranche sowie an Unternehmen, die derartige Beteiligungen selbst halten.",G,Wholesale and Retail Trade,G|K|N,0.0006,low_margin,,,
110,196,COMKOPIE B Gesellschaft für Bürosysteme mbH,"Der Handel mit Bürosystemen, insbesondere mit digitalen Kopierern, die Erbringung der dazugehörigen Serviceleistungen sowie der Betrieb aller damit in unmittelbarem oder mittelbarem Zusammenhang stehenden Geschäften.",G,Wholesale and Retail Trade,G|J|N,0.0000,low_margin,,,
111,3424,Kleffmann Verwaltungs GmbH,der Erwerb und die Verwaltung von Beteiligungen sowie die Übernahme der persönlichen Haftung und der Geschäftsführung bei Handelsgesellschaften,G,Wholesale and Retail Trade,G|K|N,0.0000,low_margin,,,
112,6475,Atlantis GmbH,Betrieb eines Reisemobilstellplatzes,H,Transportation and Storage,H|I|L,0.1537,representative,,,
113,247,SKS Service GmbH,"sind genehmigungsfreie Warentransporte bis zu einem zugelassenen Gesamtgewicht von max. 3,49 t, Vermittlung von Transporten, Servicedienstleistungen im Bereich Abwicklung von Einkauf und Verkauf von genehmigungsfreien Gütern sowie deren Logistik.",H,Transportation and Storage,H|G|E,0.1361,representative,,,
114,50,LKW PETRU GmbH,Transport von Gütern aller Art,H,Transportation and Storage,H|G|E,0.1346,representative,,,
115,6070,Huperz Kran- und Bergedienst-GmbH,"Zweck der Gesellschaft ist die Ausführung von Schwertransporten, Kran- und Bergedienstleistungen sowie der Handel mit Baustoffen.",H,Transportation and Storage,H|N|B,0.0655,representative,,,
116,3880,GuKe Welfare & Environmental GmbH,"Export deutscher Qualitätsprodukte für Umwelt und Kindersicherheit nach China, insbesondere Güter des gehobenen Lebensstandards.",H,Transportation and Storage,H|G|C,0.0455,representative,,,
117,3463,SPV Spedition & Transport-Verwaltungs- GmbH,"Gegenstand des Unternehmens ist die Verwaltung von -Speditions--Nahu.Fernverkehrs- ,Schüttgut- Kühltransporte- Silotransporte- Zustell- und Containerdienst- Gesellschaften.",H,Transportation and Storage,H|N|S,0.0340,representative,,,
118,4162,cargofresh technologies service gmbh,"An- und Verkauf von mobilen und stationären Anlagen, insbesondere Seecontainern und Kühlsattelaufliegern, die mit ""Controlled-Atmosphere (CA)-Technologie"" ausgestattet sind und von Maschinen, Geräten und Vorrichtungen aller Art für die Herstellung und den Erhalt einer ""kontrollierten Atmosphäre"" sowie alle Formen des Leasing, der Vermietung und des Mietkaufs dieser Wirtschaftsgüter; ferner ist Unternehmensgegenstand die Durchführung von Instandhaltungs- und Instandsetzungsarbeiten und anderer Serviceleistungen an den Gerätschaften, die Gegenstand von Leasing-, Miet- oder Mietkaufverträgen sind, selbst oder durch beauftragte Dritte.",H,Transportation and Storage,H|C|J,0.0135,representative,,,
119,1649,AKATEX Fußbodenhandelsgesellschaft mbH,Im- und Export und der Vertrieb von Teppichböden und Teppichen.,H,Transportation and Storage,H|G|C,0.0084,low_margin,,,
120,6595,Kornprobst GmbH,"Handel, Leasing und Vermietung von Fahrzeugen, Nutzfahrzeugen und Baumaschinen aller Art.",H,Transportation and Storage,H|G|C,0.0063,low_margin,,,
121,8656,FFIRE Parken GmbH,"Das Betreiben von Parkhäusern bzw. Parkplätzen, auch mit Tiefgaragenstellplätzen bzw. das Betreiben anderer Stellplatz-/Parkmöglichkeiten für Fahrzeuge aller Art.",H,Transportation and Storage,H|I|S,0.0062,low_margin,,,
122,4436,Roland Sicherheitstechnik GmbH,Verkauf und Vermietung von sicherheitstechnischen Anlagen,H,Transportation and Storage,H|G|K,0.0053,low_margin,,,
123,4819,Pracht Spedition + Logistik GmbH Zweigniederlassung Siegen,"I.Das nationale und internationale Speditionsgeschäft, der Güterkraftverkehr, das Umschlag- und Lagergeschäft, die Bereitstellung von Warenumschlagseinrichtungen und - dienstleistungen (Logistik) sowie alle damit im Zusammenhang stehenden Geschäfte, ferner die Fortführung des bisher unter der Firma ""Pracht Zweigniederlassung Haiger der Hapag-Lloyd Fluggesellschaft mbH"" betriebenen Handelsgeschäfts, 2.Der Betrieb des Containerverkehrs und alle damit in Zusammenhang stehenden Geschäfte, insbesondere die An- und Vermietung, Wartung und Reparatur von Containern, Containerzubehör und zusätzlichen Gerätschaften, 3.Die Übernahme von Organisationsaufgaben und Beratungen für andere Unternehmen im Bereich des Containerverkehrs.",H,Transportation and Storage,H|G|C,0.0033,low_margin,,,
124,6155,Retol GmbH,Import und Vertrieb von Handelswaren für den Bauhandwerkerbedarf,H,Transportation and Storage,H|G|B,0.0015,low_margin,,,
125,9616,Havelcafe GmbH,"Der Betrieb eines Cafes und Bistros, einschließlich die Vermietung von Ferienwohnungen, sowie die Beköstigung der Feriengäste.",I,Accommodation and Food Service Activities,I|S|R,0.3237,representative,,,
126,3560,Riviera GmbH,Betrieb von Gaststätten,I,Accommodation and Food Service Activities,I|S|R,0.2446,representative,,,
127,8901,Hemo Hotel Betiebsgesellschaft mbH,"Der Betrieb eines Hotels, insbesondere des Hotels ""Rosenau"" in Bad Nauheim, als Betriebsgesellschaft und/oder als Pächterin und die Abwicklung des täglichen Hotelsowie Restaurantbetriebes, Bankett- und Tagungsgeschäfte und alle damit zusammenhängenden und den Gesellschaftszweck fördernden oder nützlich erscheinenden Geschäfte und Maßnahmen.",I,Accommodation and Food Service Activities,I|L|K,0.2138,representative,,,
128,4875,Gastro Burger Flensburg GmbH,Der Betrieb eines Restaurants und alle damit im Zusammenhang stehenden Tätigkeiten.,I,Accommodation and Food Service Activities,I|S|G,0.1416,representative,,,
129,6644,Culinaria GmbH,"Der Verkauf von Lebensmitteln, insbesondere das Betreiben eines Stehimbiss, Party-Service, Verkauf von Fleisch - und Wurstwaren sowie sämtliche Tätigkeiten, die damit zusammenhängen.",I,Accommodation and Food Service Activities,I|G|S,0.1259,representative,,,
130,2625,Hofmann GmbH,"Die Herstellung und der Verkauf von Fleisch- und Wurstwaren aller Art, sowie der Betrieb eines Partyservice.",I,Accommodation and Food Service Activities,I|C|S,0.0862,representative,,,
131,4138,Mainzel Clean Dienstleistungen GmbH,Glas- und Gebäudereinigung sowie Winterdienste.,I,Accommodation and Food Service Activities,I|S|N,0.0112,low_margin,,,
132,5471,Ottolina Deutschland GmbH,"Groß- und Einzelhandel von Kaffee und weiteren Lebensmitteln oder anderer Ware jeglicher Art, direktre und indirekter Betrieb von Bars und Restaurants jeglicher Art.",I,Accommodation and Food Service Activities,I|G|C,0.0095,low_margin,,,
133,4092,Bella Vita III Verwaltungs GmbH,"Beteiligung an anderen Unternehmen, insbesondere Beteiligung als persönlich haftende Gesellschafterin an der Bella Vita III Donauwörth GmbH & Co. KG in Donauwörth, welche den Betrieb eines ökologischen Lebensmittelsgeschäfts zum Gesellschaftszweck hat.",I,Accommodation and Food Service Activities,I|M|N,0.0075,low_margin,,,
134,4528,Baila Event GmbH,Betrieb einer Discothek und Eventveranstaltungen sowie aller damit zusammenhängenden Geschäfte,I,Accommodation and Food Service Activities,I|G|R,0.0073,low_margin,,,
135,2804,LupoTherm Vertrieb UG (haftungsbeschränkt),Vermarktung von Produkten und Dienstleistungen im Bereich Dämmung und thermischer Isolation.,I,Accommodation and Food Service Activities,I|G|D,0.0063,low_margin,,,
136,9648,IT-Cobra Softwareentwicklungs GmbH,Die Gesellschaft befaßt sich mit der Entwicklung und der Verwaltung von Software.,J,Information and Communication,J|N|O,0.1152,representative,,,
137,8368,ELCO-GmbH Technik & Lifestyle,"ist der Im+Export, Groß+Einzelhandel mit Consumer Elektronik, TV, Video, HiFi, SAT, sonstige EDV-Hard+Software, Telekommunikationsartikel, Multimediaprodukte, Weißware, Henkelware, Sonnenbänke, Informationstechnik- Klein- Nebenbetrieb sowie weiterhin der Groß-, Einzel und Versandhandel mit sowie Im- und Export von elektrischen und elektronischen Geräten ohne ausgeprägten Schwerpunkt, Textilien, Bekleidung, Schuhe und Bekleidungszubehör, Sport und Reitsportartikel, Gold und Schmuckwaren jeglicher Art, sowie sonstige Fertigerzeugnisse. Ferner Eventmanagement sowie der Betrieb einer Eventhalle.",J,Information and Communication,J|G|H,0.1095,representative,,,
138,1455,KUPS EDV-GmbH,"Gegenstand des Unternehmens ist der Handel mit Computern, Software und sonstigen Gegenständen sowie die Durchführung von Schulungskursen.",J,Information and Communication,J|G|M,0.0906,representative,,,
139,4456,rovocon GmbH,"die EDV-Systemberatung und -Integration für Unternehmungen des Einzelhandels und der Konsumgüterindustrie, die effizientere Prozeßabläufe durch einen verbesserten systemgeschüzten Informations- und Kommunikationsfluß erreichen möchten.",J,Information and Communication,J|N|M,0.0782,representative,,,
140,5908,NODECONSULT GmbH,"Beratung und Unterstützung bei digitaler Transformation, insbesondere bei Konzeption, Entwicklung und Umsetzung digitaler Visionen und Prozesse für Design und Konstruktion, Entwicklung prozessintegrierter IT-Lösungen von der Idee bis zur prototypischen Implementierung mit Fokus auf interaktiver Visualisierung, generativem Design und numerischen Echtzeit-Berechnungen.",J,Information and Communication,J|M|F,0.0740,representative,,,
141,1102,BELASys GmbH,"Der Gegenstand des Unternehmens ist der Vertrieb von ERP-Systemen, eigengefertigten Sofwareprodukten sowie von Computer-,Datenbank- und Netzwerksystemen mit allen damit verbundenen und weiterführenden Geschäften, der internationale Handel mit Computerhard- und Sofware sowie Zubehör und Peripheriegeräten. Gegenstand des Unternehmes ist weiterhin das Anbieten von Service-und Diestleistungen im Bereich ERP- und EDV-Systeme. Die Gesellschaft ist berechtigt, im In-und Ausland weitere gleichartige oder ähnliche Unternehmen zu errichten oder bestehende zu erwerben oder sich an solchen zu beteiligen und dabei die Stellung eines persönlich haftenden Gesellschafters zu übernehmen sowie alle Geschäfte zu tätigen, die dem Gesellschaftszweck unmitteilbar oder mittelbar zu dienen geignet sind.",J,Information and Communication,J|N|S,0.0723,representative,,,
142,5402,K B S Kabelfernseh-Beratungsservice GmbH,"a) Beratung, Entgegennahme, Verwaltung und Weitergabe von Anträgen zum Anschluß an das Breitbandnetz der Deutschen Bundespost b) Beratung, Annahme und Weitergabe von Installationsaufträgen zum Anschluß an das Breitbandnetz der Deutschen Bundespost c) Betreibung von Anlagen für Kabelfernsehen.",J,Information and Communication,J|H|M,0.0633,representative,,,
143,3773,LIMNOS Webservice GmbH,"Redaktionelle, grafische, technische, konzeptionelle Dienstleistungen zum Aufbau, zur Betreuung und zur Weiterentwicklung von Internetangeboten sowie Herstellung und Vermarktung von Produkten und Dienstleistungen für das Internet (und ähnliche Netze).",J,Information and Communication,J|S|N,0.0485,representative,,,
144,7830,Radio-Kater Hermann Kater GmbH,"(1)der Handel mit Radio-, Fernseh-, Videound Phonogeräten sowie mit Elektro- Geräten aller Art. (2) Die Gesellschaft kann sich an anderen Unternehmen beteiligen, andere Unternehmen erwerben und Zweigniederlassungen im In- und Ausland errichten.",J,Information and Communication,J|G|C,0.0232,representative,,,
145,5708,BASIS COMMUNICATION GmbH,"Gegenstand des Unternehmens ist der Handel, die Beratung, die Organisation, die Installation, der Service, die Programmierung, die Schulung bezüglich IT und TK Systemen.",J,Information and Communication,J|N|M,0.0089,representative,,,
146,8216,EMA GmbH,"Die Beratung und Begleitung bei digitalen Transformationsprozessen, die Visualisierung, das Marketing und der E- Commerce.",J,Information and Communication,J|M|G,0.0078,low_margin,,,
147,3858,ELEKTROPLANUNG & LICHTTECHNIK Shtop Ingenieurgesellschaft mit beschränkter Haftung,"Planung und Vertrieb von technischen Anlagen innerhalb und außerhalb von Gebäuden, insbesondere in den Bereichen der Elektrotechnik und der Beleuchtungstechnik.",J,Information and Communication,J|D|C,0.0056,low_margin,,,
148,8284,NewTalents AG,"Gegenstand des Unternehmens ist es, unbekannten Künstlern eine Plattform für deren Darstellung und deren Musik auf der Webseite der Gesellschaft anzubieten und ihnen über diese Plattform einen Schallplattenvertrag zu vermitteln, ferner Produktion, Erwerb sowie Verwertung von Musikaufnahmen unter Einschluß des Erwerbs und Verwertung der diesbezüglichen Urheber-, Leistungsschutzund sonstigen Rechte in jeglicher Form, wie z.B. auf Tonträgern oder Online sowie Führung eine Musikverlages.",J,Information and Communication,J|R|M,0.0043,low_margin,,,
149,3273,Carousel Film UG (haftungsbeschränkt),"Die Talentförderung sowie die Entwicklung, Finanzierung und Herstellung aller Arten von Stoffen und medialen Formaten insbesondere Podcasts, Filme und Serien in Eigen- und Fremdproduktion sowie alle im Zusammenhang damit entstehende Geschäfte.",J,Information and Communication,J|R|M,0.0042,low_margin,,,
150,9173,OBIS Gesellschaft für Online-Buchungs- und -Informationssysteme mbH,"Erbringung von Dienstleistungen und Lieferung von Waren, welche zur elektronischen Buchung von Werbezeiten bei Vermarktern von Werbezeiten, Fernsehsendern, Hörfunksendern oder Fernseh- und Hörfunkanstalten erforderlich sind.",J,Information and Communication,J|G|S,0.0041,low_margin,,,
151,6869,Edgar Bieley Nachrichten- und Netzwerktechnik GmbH,"Planung und Erstellung von Leitungsnetzen für Telefon-, Brandmelde-, Gegen- und Wechselsprechanlagen, Alarm- und Uhrenanlagen sowie Zustandsmeldungen, drahtgebundenen und LWL-Netzen für EDV- Anlagen einschließlich dazugehöriger Systeme und Komponenten.",J,Information and Communication,J|D|N,0.0036,low_margin,,,
152,5822,Autecon GmbH,"Engineering, Vertrieb und Produktion von Komponenten, Systemen und Anlagen der Automatisierungs- und Montagetechnik sowie Beratung in diesem Bereich",J,Information and Communication,J|C|N,0.0026,low_margin,,,
153,8910,Hanse Radio Verwaltungsgesellschaft mit beschränkter Haftung,Beschaffung von Lizenzen für den Betrieb von Radiosendern.,J,Information and Communication,J|N|M,0.0018,low_margin,,,
154,6363,eduCare EDV-Systeme GmbH Computerfachhandel und Systembetreuung,"Handel mit EDV-Hard- und Software und Zubehör, Systemberatung, -schulung und - betreuung, Wartung von EDV - Anlagen.",J,Information and Communication,J|M|N,0.0016,low_margin,,,
155,1852,SWIS - GmbH,"Erbringung von Beratungsleistungen, von Lieferungen und Leistungen in der GUS sowie Zentralasien insbesondere auf folgenden Gebieten: secure ID Solutions / Documents (ePassport and Border Control); Secured Communication Solutions; eGovernment Solutions (Transport environment, eDocumentation, PKI Solutions und Data Security, eLearning etc.); Renewable Energy Systems (windenergy-power, photovoltaic); Water Management Solutions, IPTV und Webhosting Solutions; eHealth Solutions; Medical Equipment.",J,Information and Communication,J|N|S,0.0006,low_margin,,,
156,2692,Bergische Assekuranzmakler GmbH,"Alle Tätigkeiten eines Versicherungsmaklers, insbesondere die Beratung zu Versicherungs- und Finanzangelegenheiten, die Vermittlung von Versicherungen und die Durchführung der damit verbundenen Hilfsgeschäfte, die Generierung von Datensätzen für die Versicherungswirtschaft sowie der Betrieb von Internetseiten.",K,Financial and Insurance Activities,K|N|S,0.2513,representative,,,
157,1663,trendfinanz.com UG (haftungsbeschränkt),"Die Vermittlung von Versicherungen gem. § 34 d GewO, von Investments gem. § 34 c GewO, von Vermögensverwaltungen (Nachweisvermittlung) und Unternehmensberatung, sowie alle diesem Geschäftszweck dienenden sonstigen Geschäfte und damit verbundenen Dienstleistungen",K,Financial and Insurance Activities,K|N|S,0.2107,representative,,,
158,9032,Modulus Real Estate Verwaltungs GmbH,"Verwaltung eigenen Vermögens und die Beteiligung an anderen Unternehmen sowie die Übernahme der persönlichen Haftung und der Geschäftsftührung bei anderen Unternehmen, insbesondere bei Kommanditgesellschaften.",K,Financial and Insurance Activities,K|N|S,0.1086,representative,,,
159,509,Double A Brands GmbH,"der Erwerb und die Verwaltung von Beteiligungen auf eigene Rechnung, die Übernahme der persönlichen Haftung und der Geschäftsführung bei Handelsgesellschaften, sowie die Verwaltung eigenen Vermögens. Genehmigungspflichtige Tätigkeiten werden nicht ausgeübt.",K,Financial and Insurance Activities,K|L|O,0.0935,representative,,,
160,6865,TooAngel UG (haftungsbeschränkt),Die Vermögens- und Beteiligungsverwaltung.,K,Financial and Insurance Activities,K|N|O,0.0783,representative,,,
161,4011,EGH Verwaltungsgesellschaft mbH,"Der Erwerb und die Verwaltung von Beteiligungen aller Art an anderen Unternehmen für eigene Rechnung, insbesondere die Ausübung der Funktion als persönlich haftende Gesellschafterin von Kommanditgesellschaften. Die Gesellschaft führt keine nach § 34 c Gewerbeordnung (Makler, Bauträger, Baubetreuer) genehmigungspflichtigen Geschäfte durch. Ebenso tätigt die Gesellschaft keine Bank- und Finanzierungsgeschäfte im Sinne des § 1 KWG.",K,Financial and Insurance Activities,K|O|N,0.0729,representative,,,
162,6620,Mainsee 954. V V GmbH,Verwaltung eigener Vermögenswerte.,K,Financial and Insurance Activities,K|L|T,0.0294,representative,,,
163,1220,hs. Financial Products GmbH,"Die Unternehmensberatung von in- und ausländischen Gesellschaften im Finanzbereich (Schwerpunkt Asset Management), der Vertrieb von Anlageprodukten (z.B. Schuldverschreibungen, Fondszertifikaten, Speuialfondsmandaten, Indexzertifikaten), die Betreuung der deutschen Kundschaft ausländischer Investmentgesellschaften.",K,Financial and Insurance Activities,K|M|U,0.0291,representative,,,
164,6463,Gerhard Ragaller Betriebs- und Verwaltungs-GmbH,"Groß- und Einzelhandel mit Eisen-, Elektro und Haushaltswaren. Beteiligung als persönlich haftender Gesellschafter an bestehenden oder noch zu gründenden Unternehmungen und insbesondere die Übernahme der Verwaltung und Geschäftsführung in solchen Unternehmen. Ferner Erwerb, Geltendmachung und Verwertung von Forderungen aller Art.",K,Financial and Insurance Activities,K|G|N,0.0154,representative,,,
165,2447,K Plus Energy GmbH,"Gegenstand des Unternehmens ist es, sich an anderen Unternehmen zu beteiligen sowie Vermögensgegenstände zu erwerben, zu pachten oder zu leasen sowie alle Geschäfte zu betreiben, die dem Gesellschaftszweck unmittelbar oder mittelbar zu dienen geeignet sind.",K,Financial and Insurance Activities,K|N|S,0.0080,representative,,,
166,5841,Das Team 300 Holding GmbH,Erwerb und Verwaltung eigenen Vermögens sowie Übernahme von Leitungsfunktionen als Dachgesellschaft im Rahmen eines Zusammenschlusses mehrerer selbständiger Unternehmen zur Wahrung gemeinsamer Interessen.,K,Financial and Insurance Activities,K|N|O,0.0046,low_margin,,,
167,1442,Ludwig Bold GmbH,Der Erwerb und die Verwaltung von Beteiligungen sowie die Übernahme der persönlichen Haftung und der Geschäftsführung bei Handelsgesellschaften.,K,Financial and Insurance Activities,K|G|N,0.0038,low_margin,,,
168,2974,Tremmel Verwaltungs GmbH,"ist die Verwaltung von Vermögen, die Übernahme der Verwaltung und Geschäftsführung der Firma Tremmel GmbH & Co. KG.",K,Financial and Insurance Activities,K|O|M,0.0027,low_margin,,,
169,4156,Donaubauer Verwaltungs GmbH,"Verwaltung eigenen und fremden Vermögens sowie Übernahme der persönlichen Haftung der Geschäftsführung bei Handelsgesellschaften, insbesondere bei der Kommanditgesellschaft Firma Donaubauer GmbH & Co. KG.",K,Financial and Insurance Activities,K|G|C,0.0024,low_margin,,,
170,557,UKF GmbH,"Das Halten und Verwalten von Vermögen, insbesondere Grundvermögen.",K,Financial and Insurance Activities,K|T|B,0.0023,low_margin,,,
171,1867,Padua Labs GmbH,Erwerb und Verwaltung von Beteiligungen sowie Verwaltung des eigenen Vermögens. Genehmigungs-/ erlaubnispflichtige Tätigkeiten sind nicht Gegenstand des Unternehmens.,K,Financial and Insurance Activities,K|C|N,0.0014,low_margin,,,
172,7660,Ingenieur-Beteiligungs GmbH,"Die Verwaltung des der Gesellschaft zustehenden Vermögens, insbesondere der Beteiligung an der stahl + verbundbau gmbh mit Sitz in Dreieich.",K,Financial and Insurance Activities,K|O|T,0.0006,low_margin,,,
173,3386,China-Restaurant Gourmet Tempel Verwaltungs UG (haftungsbeschränkt),"der Erwerb und die Verwaltung von Beteiligungen sowie die Übernahme der persönlichen Haftung und der Geschäftsführung bei Handelsgesellschaften, insbesondere die Beteiligung als persönlich haftende geschäftsführende Gesellschafterin an der Qiu UG (haftungsbeschränkt) & Co. KG mit dem Sitz in Viersen, deren Unternehmensgegenstand der Betrieb eines chinesischen Restaurants ist.",K,Financial and Insurance Activities,K|G|U,0.0006,low_margin,,,
174,1849,Bochum-Gelsenkirchener Bahngesellschaft mit beschränkter Haftung,"Halten von Aktien an der Bochum- Gelsenkirchener Straßenbahnen Aktiengesellschaft (BOGESTRA) sowie die Leitung der vorgenannten Gesellschaft über einen Beherrschungsvertrag im Sinne des § 291 Abs. 1 Satz 1 Aktiengesetz. Die Gesellschaft ist verpflichtet, nach den Wirtschaftsgrundsätzen des § 109 GO NRW zu verfahren. Dabei ist die Gesellschaft so zu führen, dass der öffentliche Zweck nachhaltig erfüllt wird.",K,Financial and Insurance Activities,K|O|L,0.0005,low_margin,,,
175,5023,IBV GmbH - Immobilien-Beratung - Vertrieb -,"Der Erwerb von Grundstücken, deren Erschließung, Beplanung, Bebauung und Verkauf",L,Real Estate Activities,L|F|A,0.2790,representative,,,
176,9801,OSO Ochs Schmidhuber Objektentwicklung GmbH,"Entwicklung, Erwerb und Veräußerung von sämtlichen Objekten aus dem Bereich der Immobilien.",L,Real Estate Activities,L|T|G,0.2244,representative,,,
177,6136,Stadtpark Invest GmbH,"Der Ankauf, die Verwaltung, die Vermietung und der Verkauf von Grundstücken und Immobilien für eigene Rechnung.",L,Real Estate Activities,L|K|T,0.1842,representative,,,
178,9263,FRAM Invest UG (haftungsbeschränkt),"Der Erwerb, die Sanierung, Renovierung, Vermietung, Verpachtung und Veräußerung von Immobilien sowie die Erbringung von Beratungsdienstleistungen im Zusammenhang mit dem Erwerb, der Sanierung, Renovierung, Vermietung, Verpachtung und Veräußerung von Immobilien, sowie die Vornahme von Investments aus eigenem Vermögen zur Vermögensanlage.",L,Real Estate Activities,L|F|E,0.1486,representative,,,
179,9718,Bauunternehmung Heckötter GmbH,"Betrieb einer Bauunternehmung sowie die Erstellung schlüsselfertiger Häuser als Generalunternehmer. Sie kann Zweigniederlassungen errichten, gleichartige oder verwandte Unternehmungen erwerben oder sich an ihnen beteiligen.",L,Real Estate Activities,L|F|T,0.1486,representative,,,
180,4354,Weber Verwaltungsgesellschaft für Immobilien mbH,"die Verwaltung von Mietwohnhäusern, Wohnungseigentum und Gewerbeobjekten.",L,Real Estate Activities,L|T|F,0.1466,representative,,,
181,1181,Koring Hausverwaltungen GmbH,"Hausverwaltung und Sondereigetumsverwaltung für Eigentümer, Eigentümergemeinschaften und Sondereigentümer sowie Tätigkeit als Vermittlungs- oder Nachweismakler für bebaute und unbebaute Grundstücke, grundstücksgleiche Rechte, gewerbliche Räume oder Wohnräume und für bewegliche Wirtschaftsgüter. Die Gesellschaft kann alle mit dem Gegenstand des Unternehmens zusammenhängende Geschäfte ausüben, gleichartige oder ähnliche Unternehmen im In- und ausland erwerben, sich an solchen beteiligen, deren Vertretung übernehmen und Zweigniederlassungen errichten.",L,Real Estate Activities,L|T|N,0.1404,representative,,,
182,3079,Grundstücksgesellschaft Einkaufszentrum Göppingen mbH,"Entwicklung des Projektes ""Staufen Galerie"" in Göppingen sowie die langfristige Verwaltung und Vermietung der betreffenden Immobilie. Die Tätigkeit der Gesellschaft ist auf das genannte Objekt beschränkt.",L,Real Estate Activities,L|R|F,0.0953,representative,,,
183,4726,Inspiration GI GmbH,Die Verwaltung des eigenen Vermögens sowie der Ankauf und die Veräußerung von Grundbesitz.,L,Real Estate Activities,L|K|T,0.0756,representative,,,
184,8799,The Zipper Hotel & Apartments GmbH,Der gewerbliche Betrieb der Wohneinheiten nebst Nebenflächen im sogenannten RKM 740 Tower als Hotel und/oder Barding House und alle hiermit verbundenen Tätigkeiten.,L,Real Estate Activities,L|I|F,0.0688,representative,,,
185,4474,UFT Verwaltung GmbH,"Erwerb und Verwaltung von Beteiligungen, sowie die Übernahme der persönlichen Haftung und der Geschäftsführung bei der Firma UFT Stanz- und Schmiedeteile GmbH & Co KG; Erwerb, Verwaltung, Vermietung und Verpachtung von Grundstücken, von Gebäuden, von Maschinen und Anlagen, von Betrieben und Beteiligungen.",L,Real Estate Activities,L|C|K,0.0547,representative,,,
186,9406,R&W Immobilien UG (haftungsbeschränkt),"Der Erwerb, die Verwaltung und die Veräußerung von Grundbesitz.",L,Real Estate Activities,L|G|T,0.0546,representative,,,
187,6085,CeKa Bauträger + Immobilien GmbH,die wirtschaftliche Vorbereitung und Durchführung von Bauvorhaben als Bauherr im eigenen Namen für eigene oder fremde Rechnung und als Baubetreuer im fremden Namen und für fremde Rechnung sowie Ankauf und Verkauf von Immobilien,L,Real Estate Activities,L|F|T,0.0490,representative,,,
188,5324,von Poschinger GmbH,"Erwerb und Verwaltung von Beteiligungen sowie Übernahme der persönlichen Haftung und der Geschäftsführung bei Personengesellschaften, insbesondere an der Firma ""von Poschinger GmbH & Co. Verwaltungs KG"", sowie Vermietung und Verpachtung von eigenem Grundbesitz.",L,Real Estate Activities,L|N|K,0.0161,low_margin,,,
189,9378,TIM Immobilien Management GmbH,"ist die Verwaltung von fremdem und eigenem Immobilienvermögen. Daneben können auch artverwandte Geschäfte, sowie alle sonstigen Geschäfte betrieben werden ,die geeignet sind, dem Zweck des Unternehmens zu dienen oder diesen zu fördern. Die Gesellschaft kann gleichartige oder ähnliche Unternehmen gründen oder erwerben, sich an solchen beteiligen, deren Verwaltung oder Vertretung übernehmen und Zweigniederlassungen errichten.",L,Real Estate Activities,L|K|S,0.0147,low_margin,,,
190,82,Zimmermann Beteiligungs- und Verwaltungs-GmbH,"Die Beteiligung an anderen Gesellschaften, insbesondere die Beteiligung als persönlich haftende Gesellschafterin an der Zimmermann Grundbesitz- und Vermögensverwaltungs-GmbH & Co. KG mit dem Sit in 57072 Siegen, die Vornahme aller damit im Zusammenhang stehenden Geschäfte sowie die Förderung des Unternehmenszwecks der vorgenannten Kommanditgesellschaft innerhalb deren Unternehmensgegenstandes, nämlich des Erwerbs und der Verwaltung, insbesondere der Vermietung oder Verpachtung von Immobilien und sonstigen Gegenständen des Anlagevermögens.",L,Real Estate Activities,L|N|K,0.0122,low_margin,,,
191,4503,Goldman Sachs Realty Management GmbH,"Erbringen von Beratungsdienstleistungen über alle wirtschaftlichen und technischen Aspekte der Immobilienanlage, Immobilienentwicklung und Immobilienfinanzierung sowie Entwicklung, Betreuung und Verwaltung von Immobilien sowie deren Vermarktung; alle mit dem Betrieb im Zusammenhang stehenden sonstigen Geschäfte.",L,Real Estate Activities,L|N|S,0.0122,low_margin,,,
192,5865,H. M. Grundbesitz Verwaltungsgesellschaft mbH,"Der Eintritt als persönlich haftende Gesellschafterin in Kommanditgesellschaften. Gegenstand des Unternehmens ist weiterhin die Verwaltung sowie der Erwerb von Immobilien. Die Gesellschaft ist berechtigt, Unternehmen im Zusammenhang mit der Verwaltung sowie dem Erwerb von Immobilien zu beraten. Die Gesellschaft ist befugt, Service-Leistungen für andere Unternehmen zu erbringen.",L,Real Estate Activities,L|N|S,0.0118,low_margin,,,
193,2487,Kluge Immobilien-Betriebsgesellschaft mbH,"Die Vermittlung von Immobilien, die An- und Vermietung von Wohnungen sowie die Erbringung von Dienstleistungen aller Art im Fremdenverkehr.",L,Real Estate Activities,L|I|R,0.0102,low_margin,,,
194,3507,fab-concept UG (haftungsbeschränkt),die Produktion und Vertrieb von Möbeln,L,Real Estate Activities,L|I|C,0.0086,low_margin,,,
195,7987,Wibau in Sachsen GmbH Wohn- und Industrie-Bauträger,"ist der Handel mit Häusern und Grundstücken sowie die Herstellung, Sanierung und Vertrieb von Häusern und Wohnungen sowie Industriebau. Die Gesellschaft ist zu allen Geschäften und Maßnahmen berechtigt, die zur Erreichung des Geschäftszwecks notwendig oder nützlich erscheinen. Die Gesellschaft ist berechtigt, gleiche oder ähnliche Unternehmen zu erwerben, sich an solchen zu beteiligen oder deren Vertretung zu übernehmen oder/und weitere Zweigniederlassungen zu gründen.",L,Real Estate Activities,L|T|G,0.0073,low_margin,,,
196,6689,MTR Gebäudereinigung GmbH,Gebäudereinigungen aller Art.,L,Real Estate Activities,L|F|E,0.0043,low_margin,,,
197,112,Maurer und Klinkner Bauunternehmung GmbH,Der Betrieb einer Bauunternehmung sowie sämtliche damit zusammenhängenden und den Gesellschaftszweck fördernden Geschäfte.,L,Real Estate Activities,L|F|N,0.0039,low_margin,,,
198,2063,Schreinerei Limpert GmbH,Der Betrieb einer Bau- und Möbelschreinerei.,L,Real Estate Activities,L|C|F,0.0020,low_margin,,,
199,8101,Bauelemente Hagemeier GmbH,Verwaltung und Übernahme der persönlichen Haftung bei der Bauelemente Hagemeier GmbH & Co KG,L,Real Estate Activities,L|F|M,0.0011,low_margin,,,
200,4488,VHG - Massivhaus GmbH,"Vertrieb und Erstellung von Massivhäusern und Bauprojekten. Die Gesellschaft kann sich an gleichartigen oder ähnlichen Unternehmen beteiligen, deren Vertretung übernehmen und Zweigniederlassungen errichten.",L,Real Estate Activities,L|C|N,0.0007,low_margin,,,
201,4996,GOOD TO KNOW Institute UG (haftungsbeschränkt),"Veranstaltung von Fortbildungen, Seminaren und Networking- Veranstaltungen sowie Consulting von Unternehmen (Unternehmensberatung).",M,"Professional, Scientific and Technical Activities",M|P|N,0.1449,representative,,,
202,9873,Consult& SD UG (haftungsbeschränkt),"Consulting und Entrepreneurship, insbesondere auch die Strategieberatung im digitalen Bereich einschließlich des diesbezüglichen Produktverkaufs.",M,"Professional, Scientific and Technical Activities",M|J|N,0.1210,representative,,,
203,3602,ACPP GmbH,"Konzeption und Herstellung von audiovisuellen Präsentationen sowie Beratung, Schulung und Unterstützung von Organisationen und Unternehmen.",M,"Professional, Scientific and Technical Activities",M|N|R,0.1148,representative,,,
204,4904,Traders Place GmbH & Co. KGaA,Unternehmensberatung,M,"Professional, Scientific and Technical Activities",M|N|S,0.0814,representative,,,
205,3952,PROCURAR Gesellschaft für Beschaffungsoptimierung mbH,"Unternehmensberatung in Beschaffungsfragen, Einkaufsagentur, Vermittlung von Geschäftskontakten, Verrichtung von Einkaufstätigkeiten im eigenen Namen und für Dritte, Groß- und Einzelhandelstätigkeiten.",M,"Professional, Scientific and Technical Activities",M|G|N,0.0629,representative,,,
206,2538,TK Ventures GmbH,"Die Beratung und Entwicklung von unterschiedlichen Geschäftsmodellen, nicht jedoch die Rechts- und Steuerberatung.",M,"Professional, Scientific and Technical Activities",M|K|S,0.0195,representative,,,
207,7491,IT Consulting Dadkhoo UG (haftungsbeschränkt),IT Beratung und Schulung und IT & Kommunikations-Service.,M,"Professional, Scientific and Technical Activities",M|P|N,0.0140,representative,,,
208,3184,up-to-date Call-Center GmbH,"Unterhaltung eines Call-Centers sowie Beratung von Firmen und Institutionen in den Bereichen: Telematik, Marketing, Constrolling, Durchführung absatzwirksamer Kampagnen, sowie bei der Einführung und Durchführung von IT Technologien.",M,"Professional, Scientific and Technical Activities",M|J|N,0.0121,representative,,,
209,537,Orvieto Academy Verwaltungs GmbH,"Erwerb und Verwaltung von Beteiligungen sowie Übernahme der persönlichen Haftung und der Geschäftsführung bei Personenhandelsgesellschaften, insbesondere Beteiligung als persönlich haftende geschäftsführende Gesellschafterin (Komplementärin) an der Orvieto Academy GmbH & Co. KG.",M,"Professional, Scientific and Technical Activities",M|G|N,0.0114,representative,,,
210,7239,"THC Unternehmensberatungs-, Beteiligungs- und Verwaltungsgesellschaft mbH",Unternehmensberatung sowie der Erwerb und die Verwaltung von Beteiligungen an anderen Gesellschaften sowie die Übernahme der persönlichen Haftung und der Geschäftsführung bei diesen.,M,"Professional, Scientific and Technical Activities",M|N|K,0.0027,low_margin,,,
211,9223,Frommeyer + Ziegemeyer Herford Verwaltungs-GmbH,"Gegenstand des Unternehmens ist das Halten und Verwaltung von Beteiligungen, insbesondere die Übernahme der persönlichen Haftung der Kommanditgesellschaft Frommeyer + Ziegemeyer Herford E. Strake GmbH und Co. KG mit dem Sitz in Münster.",M,"Professional, Scientific and Technical Activities",M|K|N,0.0025,low_margin,,,
212,6629,A.F.I. Verwaltung und Portfolio GmbH,"Routing, Verwaltung und Portfolio Management für die IT Projekte der AFI Gruppe im Bereich Unternehmensmanagement und Kundenberatung im IT Bereich.",M,"Professional, Scientific and Technical Activities",M|N|J,0.0021,low_margin,,,
213,3181,U.M. Ingenieurgesellschaft für Hochbau mbH,"Betrieb eines Ingenieurbüros, insbesondere die Planung, Arbeitsvorbereitung, Projektüberwachung und Kostenüberprüfung im Hochbau.",M,"Professional, Scientific and Technical Activities",M|N|F,0.0012,low_margin,,,
214,8639,Bendel Unternehmensberatung GmbH,"Gegenstand geändert, nun: Unternehmensberatung, insbesondere im Bereich der Restrukturierung.",M,"Professional, Scientific and Technical Activities",M|N|S,0.0012,low_margin,,,
215,2942,Kolbus Ausbildungs-GmbH,Aus- und Weiterbildung in technischen und kaufmännischen Berufen sowie die Erbringung von maschinenbaunahen Dienstleistungen einschließlich der gewerbsmäßigen Überlassung von Arbeitnehmern an Dritte. Die Gesellschaft kann sich auch an anderen Unternehmen beteiligen und die Geschäftsführung in anderen Unternehmen übernehmen,M,"Professional, Scientific and Technical Activities",M|N|S,0.0011,low_margin,,,
216,5270,BEB BioEnergy Berlin GmbH,"Ingenieurleistungen einschließ- lich der Entwicklung, Machbarkeitsstudien, Planung, Bauausführung einschließlich Inbetriebnahme, Schulung und sonstige Beratung sowie der Handel von und Vertrieb mit technischen Anlagen und Produkten auf folgenden Gebieten: Biogas-, Wasserkraft- und Abwasseranlagen, Abfall- und Abwasserbehandlung, Produktion von Biogas, Bioenergie und Dünger, sowie sonstige Umwelttechnologien, alles einschließlich des internationalen Bereiches.",M,"Professional, Scientific and Technical Activities",M|C|J,0.0009,low_margin,,,
217,5073,B & S Vermögensverwaltung GmbH,"Vermittlung von Geschäften über die Anschaffung und die Veräußerung von Finanzinstrumenten (Anlagevermittlung); Abgabe von persönlichen Empfehlungen an Kunden oder deren Vertreter, die sich auf Geschäfte mit bestimmten Finanzinstrumenten beziehen, sofern die Empfehlung auf eine Prüfung der persönlichen Umstände des Anlegers gestützt oder als für ihn geeignet dargestellt wird und nicht ausschließlich über lnformationsverbreitungskanäle oder für die Öffentlichkeit bekannt gegeben wird (Anlageberatung); Anschaffung und die Veräußerung von Finanzinstrumenten im fremden Namen für fremde Rechnung (Abschlussvermittlung); Platzieren von Finanzinstrumenten ohne feste Übernahmeverpflichtung (Platzierungsgeschäft); Abschluss von Verträgen über den Erwerb von Anteilscheinen einer Kapitalanlagegesellschaft oder lnvestmentaktiengesellschaft, von ausländischen lnvestmentanteilen, die im Geltungsbereich des lnvestmentgesetzes öffentlich vertrieben werden dürfen, von sonstigen öffentlich angebotenen Vermögensanlagen, die für gemeinsame Rechnung der Anleger verwaltet werden, oder von öffentlich angebotenen Anteilen an einer und von verbrieften Forderungen gegen eine Kapitalgesellschaft oder Kommanditgesellschaft; Beratung von Privatkunden, Banken, Versicherungen, Pensionsfonds/-kassen und sonstigen institutionellen Anlegern hinsichtlich Auswahl geeigneter Anlagen für die Vermögensverwaltung bzw. den Deckungsstock sowie allgemein Asset Management, strategische und taktische Asset Allokation; Abschluss von Verträgen über Grundstücke, grundstücksgleiche Rechte, gewerbliche Räume, Wohnräume oder Darlehen vermitteln oder die Gelegenheit zum Abschluss solcher Verträge nachweisen; Verwaltung des eigenen Vermögens inkl. der Beteiligung an fremden Unternehmen; Durchführen von Vermögensanalysen; Family Office Dienstleistungen; Versicherungsvermittlung als Mehrfachagent gemäß § 34d GewO; Vermittlung sonstiger Vermögensanlagen, wie z.B. Genussrechte und Beteiligungen am Ergebnis von Unternehmen gemäß § 34f Abs. 1 Nr. 3 GewO",M,"Professional, Scientific and Technical Activities",M|K|G,0.0005,low_margin,,,
218,1388,Stünings Medien GmbH,"die Fortführung der Geschäfte der Firma ""Verlag Willi Stünings"", nämlich die Herausgabe von Zeitschriften, Büchern sowie Videoprodukten und die Herstellung elektronischer Medien. Die Gesellschaft ist zu allen Geschäften und Maßnahmen berechtigt, die dem Zweck des Unternehmens zu dienen geeignet sind. Sie kann insbesondere im In- und Ausland Zweigniederlassungen errichten oder sich an anderen Unternehmen beteiligen oder andere Unternehmen ganz übernehmen.",M,"Professional, Scientific and Technical Activities",M|J|N,0.0003,low_margin,,,
219,1297,Regniet Human Resources Services GmbH,a) die Unterstützung von Unternehmen in den Bereichen Personal-Beratung und Personalentwicklung sowie für b) die Übernahme des Geschäftsbereichs Personal-Administration im Rahmen von Outsourcing-Aktivitäten in Unternehmen.,N,Administrative and Support Service Activities,N|M|S,0.1527,representative,,,
220,6842,fund2seed GmbH,"Die Erbringung von Beratungsdienstleistungen, schwerpunktmäßig für Non-Profit- Organisationen zur Förderung beziehungsweise Einhaltung ihrer Ziele und Verbindlichkeiten, und die Entwicklung, der Vertrieb und die Administration von vertriebs- und prozessorientierter Software.",N,Administrative and Support Service Activities,N|M|S,0.0962,representative,,,
221,4229,brainest new media GmbH,"Die Erbringung von IT-Dienstleistungen, die diesbezügliche Beratung, Projektmanagement und die Umsetzung des Vorgenannten sowie alle damit zusammenhängenden und den Gesellschaftszweck fördernden Geschäfte.",N,Administrative and Support Service Activities,N|S|M,0.0925,representative,,,
222,3313,Sylt-Security UG (haftungsbeschränkt),Gegenstand des Unternehmens ist die Übernahme von Sicherheitsdienstleistungen sowie die Durchführung/Übernahme von Personen- und Objektschutz.,N,Administrative and Support Service Activities,N|S|O,0.0750,representative,,,
223,3912,ME IT Solutions GmbH,"- Service, Wartung und Support für bereits installierte bzw. vorhandene IT- und Sicherheits-Lösungen, als auch noch zu installierende IT- und Sicherheits-Lösungen, - Beratung, Planung, Implementierung und Vertrieb von IT Lösungen, - Beratung, Planung, Implementierung und Vertrieb von Sicherheits-Lösungen, - Handel mit Hardware, Software und dazugehörigem sämtlichen Zubehör, - Transportdienstleistungen und Logistiklösungen, - für die Umsetzung von IT- und Sicherheits-Lösungen sämtliche Installationstätigkeiten inkl. Einbau, - Verschalung, Inbetriebnahme und anschließende Betreuung der Anlagen, - Entwicklung von Soft- und Hardware, - Schulungen und Lehrtätigkeiten im IT- und Sicherheitsbereich.",N,Administrative and Support Service Activities,N|S|J,0.0722,representative,,,
224,9679,ICP Beteiligungs GmbH,Die Geschäftsführung und Verwaltung von Unternehmen einschließlich der Übernahme von Beteiligungen.,N,Administrative and Support Service Activities,N|K|O,0.0442,representative,,,
225,767,ExpoTor GmbH,"Gegenstand des Unternehmens ist nach der Erteilung dazu erforderlichen behördlichen Genehmigungen und Konzessionen das Betreiben von Internetplattformen für Messen, Events und andere Veranstaltungen, die Durchführung von Internet- und Messedienstleistungen aller Art sowie die beratende Tätigkeit auf den vorgenannten Gebieten. Darüber hinaus ist die Gesellschaft berechtigt, Geschäfte anderer Art zu tätigen, soweit ihr dies zur Erreichung des Gesellschaftszwecks dienlich erscheint und Zweigniederlassungen im In- und Ausland zu errichten.",N,Administrative and Support Service Activities,N|S|J,0.0347,representative,,,
226,5586,Berse Industrieanlagenbau GmbH,der Industrieanlagenbau. Die Gesellschaft darf andere Unternehmen übernehmen und sich an solchen Unternehmen beteiligen. Sie darf auch Zweigniederlassungen errichten und auswärtige Stellen unterhalten.,N,Administrative and Support Service Activities,N|U|O,0.0274,representative,,,
227,7140,New Silk Road Network GmbH,"Die Verbindung von logistikbezogenen und anderen Unternehmen und ein Netzwerk zu formen, um deren Geschäfte zu fördern, einschließlich Eventmanagement.",N,Administrative and Support Service Activities,N|S|J,0.0270,representative,,,
228,4114,Fastenau Forst - Service Gesellschaft mbH,"Gegenstand des Unternehmens ist die Ausführung von Forst- und Lohnarbeiten aller Art. Die Gesellschaft kann sich an anderen Unternehmen beteiligen, sie erwerben, vertreten und ihre Geschäfte führen. Die Gesellschaft darf auch Zweigniederlassungen errichten.",N,Administrative and Support Service Activities,N|C|S,0.0201,representative,,,
229,2743,Matthias Schneider GmbH,"die Ausführung von Malerarbeiten. Die Gesellschaft ist zu allen Geschäften und Maßnahmen befugt, die zur Erreichung des vorerwähnten Gesellschaftszwecks notwendig oder nützlich erscheinen. Sie darf sich an gleichartigen oder ähnlichen Unternehmen beteiligen und Zweigniederlassungen im In- und Ausland errichten.",N,Administrative and Support Service Activities,N|S|T,0.0161,representative,,,
230,7267,BGfD Bayreuther Gesellschaft für Datenschutz mbH,"Gegenstand geändert, nun: Gegenstand des Unternehmens ist - die Erbringung von Dienstleistungen für Unternehmen oder Dritte auf dem Gebiet des Datenschutzes, insb. die Beratung, die Durchführung von Schulungen, die Stellung eines externen Datenschutzbeauftragten; - die Erstellung und Publikation von Veröffentlichungen zum Thema Datenschutz; - die Informationsvermittlung zum Thema Datenschutz, insb. über ein webbasiertes Informationsportal.",N,Administrative and Support Service Activities,N|J|S,0.0035,representative,,,
231,8581,RHINO Verwaltungs GmbH,Die Verwaltung eigenen Vermögens sowie die Beteiligung und Verwaltung an und von anderen Gesellschaften.,N,Administrative and Support Service Activities,N|K|O,0.0034,low_margin,,,
232,1090,Lindenstruth Grundstücksverwaltungs GmbH,"Beteiligung an anderen Gesellschaften, die Übernahme der Geschäftsführung und Vertretung sowie die Verwaltung bei gleichzeitiger Übernahme der persönlichen Haftung. Die Verwaltung von eigenen und fremden Liegenschaften, der Betrieb von Handel- und Dienstleistungen jeder Art, Anund Verkauf von Immobilien jeder Art, auch für Dritte, bauliche Arbeiten (sofern in Erfüllung eines Unternehmensgegenstandes handwerkliche Arbeiten im Sinne Handwerksordnung erforderlich sein sollten, werden diese durch Subunternehmer erbracht; diese Bestimmung findet keine Anwendung, wenn durch das Unternehmen im jeweiligen Gewerk die handwerklichen Zugangsvoraussetzungen erfüllt wurden und die Eintragung in die Handwerksrolle dafür vorliegt) sowie die Projektierung solcher Arbeiten.",N,Administrative and Support Service Activities,N|S|T,0.0025,low_margin,,,
233,2781,Kindergarten Bau- und Bewirtschaftungs- GmbH,"Gegenstand des Unternehmens ist auf dem Gebiet der Stadt Kierspe die Errichtung, der Umbau, die Betreuung, Bewirtschaftung und Verwaltung von Kindergärten.",N,Administrative and Support Service Activities,N|S|F,0.0024,low_margin,,,
234,1264,BayernCare Verwaltungs GmbH,"Gegenstand des Unternehmens ist der Erwerb und die Verwaltung von Beteiligungen sowie die Übernahme der persönlichen Haftung und der Geschäftsführung bei Handelsgesellschaften, insbesondere die Beteiligung als persönlich haftende geschäftsführende Gesellschafterin an der BayernCare Immobilien GmbH & Co. KG, deren Unternehmehsgegenstand ist die Akquisition, Entwicklung, Realisierung, Bauträgerschaft und der Verkauf, die Vermietung und Verpachtung sowie die Anmietung von Senioren- und Serviceimmobilien sowie Pflegeeinrichtungen und sonstigen Senioreneinrichtungen im In- und Ausland, ferner die Beteiligung an Betriebsträgergesellschaften, Vermittlung und Nachweis von Verträgen über Grundstücke, grundstücksgleiche Rechte, gewerbliche Räume, Wohnräume, Vorbereitung und Durchführung von Bauvorhaben als Bauherr im eigenen Namen unter Verwendung von Vermögenswerten von Erwerbern, ferner der Betrieb und die Beteiligung am Betrieb von Pflege-, Service- und Seniorenimmobilien sowie die Vermittlung von Betriebsträgern.",N,Administrative and Support Service Activities,N|K|L,0.0020,low_margin,,,
235,9590,Dr. Vilmar Praxisverwaltungen UG (haftungsbeschränkt),die zentrale Übernahme sämtlicher Verwaltungsprozesse einer Arztpraxis mit allen damit verbundenen Rechtsgeschäften. Sonstige gewerbliche Tätigkeiten im Zusammenhang mit der Verwaltung einer Arztpraxis sind der Gesellschaft untersagt.,N,Administrative and Support Service Activities,N|S|O,0.0019,low_margin,,,
236,938,A.K.T. Dach- und Bau Verwaltungs und Beteiligungs GmbH,"die Beteiligung an Unternehmen und deren Verwaltung; insbesondere die Beteiligung und Verwaltung an der Firma A.K.T. Dachund Bau GmbH & Co. KG sowie die Übernahme der persönlichen Haftung und Geschäftsführung als persönlich haftende geschäftsführende Gesellschafterin an der Firma A.K.T. Dach- und Bau GmbH & Co. KG, deren Gegenstand Dachdecker-, Dachklempner- und Maurerarbeiten, Betonbau, Bautenschutz und Trockenbau sind",N,Administrative and Support Service Activities,N|M|L,0.0017,low_margin,,,
237,4471,Aktion Wunscherfüllung gGmbH,"1. Zweck der Gesellschaft ist die Förderung der Jugendhilfe i.S. d. § 52 Abs. 2 Nr. 4 AO und die Förderung mildtätiger Zwecke i.S. d. § 53 Satz 1 Nr. 1 der AO. Dies wird insbesondere durch die Identifizierung und Erfüllung persönlicher Herzenswünsche erkrankter Kinder und Jugendlicher geschehen, mit dem Ziel, ihren seelischen und körperlichen Zustand zu verbessern. Die Gesellschaft verwirklicht diesen Zweck insbesondere durch die umfassende Kommunikation in der Vorbereitungszeit mit dem Kind bzw. Jugendlichen, dem einen Wunsch erfüllt werden soll (im Folgenden Wünscher genannt), sowie mit Angehörigen und/oder Freunden. Durch diese Kommunikation soll der individuelle innigste Wunsch des Wünschers herausgefunden werden. Bei der Planung und der Erfüllung des Herzenswunsches wird darauf geachtet, dass die Wunscherfüllung ein ganz besonderes Erlebnis für Wünscher ist, mit dem Ziel einen seelischen bzw. körperlichen Zustand, während und nach der Erfüllung des Wunsches, zu verbessern. 2. Die Gesellschaft ist berechtigt, im Rahmen der gesetzlichen Vorschriften und der Bestimmungen dieses Gesellschaftsvertrages alle Geschäfte und Rechtshandlungen vorzunehmen, die zur Erreichung des Gesellschaftszwecks dienlich sind oder das Unternehmen zu fördern geeignet erscheinen, insbesondere auch andere Unternehmen zu unterstützen, die ebenfalls ausschließlich und unmittelbar gemeinnützige Zwecke verfolgen. 3. Die Gesellschaft arbeitet auf überparteilicher und überkonfessioneller Grundlage. 4. Zum Zweck der vorgenannten Aufgabenerfüllung veranstaltet die Gesellschaft Sammlungen von Geld- und Sachspenden. Zur Erfüllung des Gesellschaftszwecks sollen beispielsweise folgende Aktivitäten aktiv angeboten und gefördert werden: Thematische Freizeitaktivitäten und Kurzreisen, mit dem Zweck des persönlichen Erlebens und der Gewinnung neuer Energien. Das Nahebringen und Erleben von Berufsbildern mit dem Zweck des Erkenntnisgewinns und der Motivation. Moderiertes Treffen und Kennenlernen von Bekanntheiten und Persönlichkeiten mit dem Zweck der Motivation. Ausdrücklich nicht aktiv unterstützt werden sollen daher Therapien, medizinische Behandlungen und benötigtes Equipment, reine Erholungsurlaube sowie das Verschenken von Tieren und einfachen Konsumgütern.",N,Administrative and Support Service Activities,N|T|S,0.0012,low_margin,,,
238,3483,PLS PlayLandSpielcenter GmbH,"Gegenstand des Unternehmens ist die Verwaltung eigenen Vermögens sowie die Aufstellung von Spielautomaten gem. § 33 c GewO. Die Gesellschaft ist berechtigt, alle Handlungen vorzunehmen, die mittelbar oder unmittelbar dem Gesellschaftszweck zu dienen geeignet sind. Die Gesellschaft ist berechtigt, Zweigniederlassungen im In- und Ausland errichten zu lassen.",N,Administrative and Support Service Activities,N|O|K,0.0008,low_margin,,,
239,6237,OLHO Finance Czech GmbH,"Erwerb und die Verwaltung von Beteiligungen an Unternehmen im In- und Ausland, insbesondere von Anteilen der OLHO-technik Czech s.r.o.",N,Administrative and Support Service Activities,N|M|U,0.0003,low_margin,,,
240,846,SaNi Invest UG (haftungsbeschränkt),"der Erwerb sowie die Verwaltung, Verwertung und Veräußerung von Beteiligungen an Unternehmen, die Übernahme der Geschäftsführung in anderen Unternehmen, sowie die Beratung von Unternehmen insbesondere auf dem Gebiet der Strategie- und Geschäftsentwicklung, Organisation, Informationstechnologie und des Marketing",N,Administrative and Support Service Activities,N|M|C,0.0001,low_margin,,,
241,2838,ARS Software Solutions GmbH,"ist die Entwicklung, die Wartung und der Support sowie der Verkauf von Software, welche individuell von einem Auftraggeber in Auftrag gegeben werden kann.",N,Administrative and Support Service Activities,N|M|J,0.0001,low_margin,,,
242,9150,ConSALEting GmbH,"ist die Entwicklung und Umsetzung von neuen Geschäftskonzepten sowie die Erbringung von Dienstleistungen rund um Vertrieb und Marketing. Das umfasst sowohl Beratungsleistungen, Strategie- und Konzepterstellung und Interims- und Projektmanagement als auch die Durchführung von operativen Tätigkeiten, d.h. Vertrieb und Vermarktung von Produkten bzw. Dienstleistungen und Kundengewinnung. Der Schwerpunkt der Dienstleistungen richtet sich an die Energiebranche, kann aber auch für jede andere Branche erbracht werden, sowohl im In- und Ausland. Gegenstand des Unternehmens ist weiterhin die Verwaltung eigenen Vermögens, insbesondere durch Erwerb, Halten, Verwaltung und Veräußerung von Beteiligungen an Unternehmen im In- und Ausland einschließlich der Tätigkeit als Obergesellschaft eines unter einheitlicher Leitung zusammengefassten Unternehmensverbundes.",N,Administrative and Support Service Activities,N|S|J,0.0001,low_margin,,,
243,730,Steuertutor Klever GmbH,"die steuerliche, sowie juristische Aus- und Fortbildung.",O,Public Administration and Defence,O|K|T,0.0475,representative,,,
244,1159,"Gebäudemanagement Schleswig-Holstein, Anstalt des öffentlichen Rechts Zweigniederlassung Flensburg","(1) Die zum Stichtag am 30. Juni 1999 den Landesbauämtern, der Landesvermögens- und Bauabteilung der Oberfinanzdirektion Kiel sowie der Bauabteilung des Ministeriums für Finanzen und Energie obliegenden Aufgaben gehen am 01. Juli 1999 auf die Anstalt über, soweit sie diese Aufgaben nicht gemäß Absatz 6 als fremde Aufgaben des jeweiligen Rechtsträgers wahrnimmt. Die Anstalt hat insbesondere folgende Aufgaben: 1. Sie erfüllt sämtliche Bauaufgaben des Landes im Sinne des Satzes 1 und nach Maßgabe gesonderter Vereinbarungen auch die des Bundes. 2. Sie übernimmt die Bauplanungs-, Bauüberwachungs-, Bauherren-, Bauunterhaltungs- und damit verbundene Vergabeaufgaben für die Investitionsbank, soweit diese Leistungen Liegenschaften betreffen, die gemäß § 17 Abs. 2 Investitionsbankgesetz (IBG) vom 11. Dezember 1990 (GVOBl. Schl.-H. S. 609), zuletzt geändert durch Gesetz vom 21. Dezember 1998 (GVOBl. Schl.- H. S. 482) vom Land auf die Investitionsbank übertragen oder die von dieser errichtet oder erworben werden bzw. errichtet oder erworben worden sind, um sie dem Land zur Verfügung zu stellen. Nähere Einzelheiten werden vertraglich geregelt. Zudem kann die Anstalt Bauplanungs-, Bauüberwachungs-, Bauherren-, Bauunterhaltungs- und damit verbundene Vergabeaufgaben auch für sonstige Träger der öffentlichen Verwaltung wahrnehmen. 3. Sie nimmt die Interessen des Bundes und des Landes als Träger öffentlicher Belange im Sinne des § 4 des Baugesetzbuches bei Bauleitplanverfahren im Landesbereich wahr. 4. Sie übernimmt die baufachliche Prüfung des Landes bei der Gewährung von Zuwendungen gemäß § 44 der Landeshaushaltsordnung Schleswig-Holstein im Bereich des Bauwesens. Das Nähere regelt die Satzung. (2) Die Anstalt erfüllt, sofern vom Ministerium für Finanzen und Energie nichts Abweichendes bestimmt wird, sämtliche Bauaufgaben - mit Ausnahme der Bauherrenaufgabe - für 1. das Klinikum an der Christian-Albrechts-Universität zu Kiel, 2. das Klinikum an der Medizinischen Universität zu Lübeck, 3. die Stiftung Schleswig-Holsteinische Landesmuseen Schloß Gottorf, die der Anstalt die durch die Erfüllung der Bauaufgaben entstehenden Kosten zu erstatten haben. Die Erfüllung sämtlicher Bauaufgaben endet für die in Satz 1 Nr. 1 und 2 genannten Einrichtungen am 30. Juni 2004, es sei denn, zwischen der Anstalt und dem jeweiligen Klinikum wird eine entsprechende Vereinbarung über die Fortführung dieser Aufgaben geschlossen. Die Erledigung begonnener Maßnahmen ist davon nicht betroffen. (3) Die Anstalt erbringt, sofern im besonderen Einzelfall vom Ministerium für Finanzen und Energie nichts Abweichendes bestimmt wird, folgende Bewirtschaftungsleistungen für das Land mit Ausnahme der Hochschulen und der Justizvollzugsanstalten für die von diesem genutzten Gebäude: 1. Hausmeister-, Hausarbeiterund Haushandwerkertätigkeiten, 2. Reinigungsdienste, 3. Sicherheitsdienste, sofern diese nicht durch Vollzugsbeamte ausgeübt werden, 4. die Pflege der Außenanlagen, 5. Energiemanagement, 6. Ver- und Entsorgung, 7. Betriebsführung von technischen Anlagen, Wartung, Inspektion und Kleinreparaturen. Die Anstalt wird die Aufgaben nach Satz 1 für das Ministerium für Finanzen und Energie und die ihm nachgeordneten Behörden ab dem 01. Oktober 1999, für den Präsidenten des Schleswig-Holsteinischen Landtages ab dem 01. Januar 2000, für die Staatskanzlei sowie alle übrigen Ministerien und die ihnen nachgeordneten Behörden spätestens bis zum 31. Dezember 2000 wahrnehmen. Das Ministerium für Finanzen und Energie wird ermächtigt, durch Rechtsverordnung den Zeitpunkt des Übergangs der Aufgaben nach Satz 1 für die jeweiligen Ressortbereiche zu bestimmen, Einzelheiten regeln das Land und die Anstalt durch einen öffentlich-rechtlichen Rahmenbewirtschaftungsvertrag. Die Ministerien können der Anstalt auch die Wahrnehmung sonstiger Bewirtschaftungsaufgaben, insbesondere folgende Dienstleistungen übertragen: 1. Boten- und Pförtnerdienste, 2. Druckereidienste, 3. Registraturtätigkeiten, 4. Postverwaltungs- und Postabsendungsdienste, 5. Telefonvermittlungsdienste. Nach Maßgabe gesonderter Vereinbarungen kann die Anstalt die in Satz 1 und Satz 5 beschriebenen Tätigkeiten auch gegenüber sonstigen Trägern der öffentlichen Verwaltung wahrnehmen. (4) Unbeschadet der Absätze 1 bis 3 nimmt die Anstalt folgende Aufgaben wahr: 1. Sie koordiniert und deckt den Bedarf des Landes und nach Maß- gabe gesonderter Vereinbarungen auch den Bedarf sonstiger Träger der öffentlichen Verwaltung an Verwaltungsgebäuden und sonstigen Grundstücken und Gebäuden durch Anpachtung und Anmietung und anschließender mietweiser Überlassung zu marktüblichen Bedingungen. Diese Aufgabe kann sie auch durch Kauf oder den Neubau von Gebäuden für fremde Rechnung erfüllen. Soweit das Land Flächen nicht mehr benötigt, kann die Anstalt diese auch an Dritte vermieten oder verpachten. 2. Sie nimmt nach Maßgabe gesonderter Vereinbarungen für sämtliche Landesbehörden die für deren Geschäftsbetrieb notwendigen Beschaffungen im eigenen oder im fremden Namen vor. Dabei ist sicherzustellen, daß die Vergabe von Aufträgen grundsätzlich an die Vertragsbedingung zur Durchführung frauenfördernder Maßgaben gekoppelt wird. Diese Aufgabe kann sie nach Maßgabe gesonderter Vereinbarungen auch für sonstige Träger der öffentlichen Verwaltung ausüben. 3. Sie führt die in den Unfallverhütungsvorschriften vorgesehenen Prüfungen durch eigene Sachverständige durch, sofern diese dazu von der zuständigen Behörde ermächtigt worden sind. 4. Sie plant und führt das Land und nach Maßgabe gesonderter Vereinbarungen auch für sonstige Träger der öffentlichen Verwaltung die Sicherung und Sanierung kontaminierter Liegenschaften durch.",O,Public Administration and Defence,O|N|S,0.0435,representative,,,
245,7900,SIG SAUER Verwaltungs GmbH,"Die Übernahme der Stellung einer persönlich haftenden Gesellschafterin in anderen Unternehmen, insbesondere in der Kommanditgesellschaft unter der Firma SIG SAUER Sports und Defence GmbH & Co. KG.",O,Public Administration and Defence,O|M|C,0.0124,representative,,,
246,4699,Planungsbüro Burkhardt & Burkhardt & Co. GmbH,"Bauplanung und Bauüberwachung, jeweils unter Ausschluß handwerklicher Tätigkeiten und solcher, die einer besonderen staatlichen Genehmigung bedürfen.",O,Public Administration and Defence,O|N|S,0.0095,low_margin,,,
247,4336,Feneberg & Kuhn GmbH,"Die Verwaltung, der Erwerb und die Verwertung von Grundbesitz aller Art im Inund Ausland, insbesondere die Wahrnehmung von Geschäftsführungsaufgaben in diesem Bereich. Tätigkeiten gemäß § 34 c GewO sind nicht Gegenstand des Unternehmens .",O,Public Administration and Defence,O|N|E,0.0092,low_margin,,,
248,6821,Ahrensburger Fahrschule GmbH,Betrieb einer Fahrschule.,P,Education,P|O|H,0.1260,representative,,,
249,9182,HL-Reitschule im Sauerland UG (haftungsbeschränkt),Führung einer Pferdepension und Reitschule; Ausbildung von Pferden und Reitern.,P,Education,P|S|R,0.1238,representative,,,
250,9055,Dance - MaxX GmbH,der Betrieb einer Tanzschule,P,Education,P|R|S,0.0712,representative,,,
251,375,Missionsgesellschaft vom heiligen Geist Gesellschaft mit beschränkter Haftung,"a) Die Ausbildung von Ordensmitgliedern für innere und äußere Mission. Diese Ausbildung geschieht unentgeltlich für Jungen, deren Eltern oder Vormünder nicht imstande sind, den Pensionspreis auch nur teilweise zu entrichten. b) Die Errichtung und der Betrieb von Erziehungsanstalten und die Leitung von Fürsorgeanstalten. Desgleichen von Einrichtungen der Arbeitslosenhilfe und Suchtkrankenhilfe. c) Unterricht und Versorgung von Seelsorgern für innere und äußere Mission. d) Die Ausübung der von der kirchlichen Behörde übertragenen Seelsorge. e) Die Herausgabe von religiöser und volksbildender Literatur. f) Die Errichtung und der Betrieb von Einrichtungen der religiösen und allgemeinbildenden Erwachsenenbildung. g) Die Errichtung und der Betrieb von Jegendbildungsstätten, Lehrlingsheimen, Schullandheimen und Ferienheimen für die Jugend. h) Die finanzielle Unterstützung von kirchlichen, schulischen und sozialkaritativen Einrichtungen und Aufgaben in überssischen Entwicklungsländern. i) Die Durchführung von kulturellen Veranstaltunge und der Betrieb kultureller Einrichtungen im Kloster Knechtsteden. j) Der Erwerb und die Verwaltung von Grundstücken und Werten aller Art, jedoch nur für die sich aus den vorstehenden Bestimmungen zu a-i einschließlich ergebenden Zwecken:",P,Education,P|S|N,0.0322,representative,,,
252,3892,Word of God International gUG (haftungsbeschränkt),"Förderung der Religion nach §52 (1) Nr. 2 Abgabenordung. Weltweite Verbreitung des Wortes Gottes, wie es in Form der King James Bibel aus dem Jahre 1611 bewahrt wurde, an alle Menschen. Zur Erreichung dieses Zwecks soll die Gesellschaft die Erstellung von gemeinfreien Übersetzungen der King James Bibel von 1611 aus dem Englisch des 17. Jahrhunderts in andere Sprachen und auch in modernes Englisch, Schaffung und den Unterhalt des kostenfreien und ungehinderten Zugangs zu diesen Übersetzungen für alle Menschen, Verbreitung der Inhalte der King James Bibel von 1611 über Medien, durch Bildungs- und Erziehungsangebote, Schulungen, Seminare und Vorträge, Artikel und die Erstellung wissenschaftlicher Arbeiten, sowie die Vorbereitung und Unterstützung solcher Handlungen, Gründung und Unterhaltung von gemeinnützigen Einrichtungen und Institutionen, die den Zweck der Verbreitung des Wortes Gottes, wie es in der King James Bibel von 1611 bewahrt wurde, gemäß dieser Satzung verfolgen und unterstützen, Gründung von Tochtergesellschaften in anderen Ländern, sofern dies zur Verfolgung des Zwecks dieser Gesellschaft erforderlich und dienlich ist, vornehmen.",P,Education,P|U|G,0.0272,low_margin,,,
253,1399,CBS Cologne Business School GmbH,der Betrieb der CBS Cologne Business School.,P,Education,P|M|I,0.0080,low_margin,,,
254,5443,Academy Ventures UG (haftungsbeschränkt),"Die Entwicklung und Vermarktung von Computersoftware für Schulen zur Kommunikation von Lehrern, Eltern und Schülern.",P,Education,P|J|M,0.0003,low_margin,,,
255,5421,ARUNA AYURVEDA UG (haftungsbeschränkt),Beratung und Anwendung der indischen Heilkunde sowie damit in Zusammhang stehenden Aktivitäten,Q,Human Health and Social Work Activities,Q|S|M,0.1119,representative,,,
256,507,Corpus AS GmbH,"Betrieb einer Praxis für Fitness, Physiotherapie und Gesundheit.",Q,Human Health and Social Work Activities,Q|M|S,0.1104,representative,,,
257,9275,Das Sanitätshaus Niedermayerstraße GmbH,Betrieb eines Sanitätshauses in der Niedermayerstraße in Landshut und der Handel mit Medizinprodukten.,Q,Human Health and Social Work Activities,Q|S|I,0.0490,representative,,,
258,1944,MARIENBORN gemeinnützige Gesellschaft mit beschränkter Haftung,"die medizinische und pflegerische Behandlung und Rehabilitation Kranker und Behinderter, die Versorgung, Betreuung und Pflege alter Menschen, wie auch die Verwaltung sonstigen Vermögens für kirchliche und gemeinnützige Zwecke. Die Gesellschaft wird zu diesem Zweck insbesondere den Betrieb der folgenden kirchlichen und gemeinnützigen Krankenhäuser, Altenheime und sonstigen Einrichtungen übernehmen und fortführen: - Krankenanstalten Marienborn, Zülpich - Haus Tannenblick, Nettersheim - Altenheim Maria Hilf, Bornheim-Roisdorf - Altenzentrum St. Augustinus, Frechen- Königsdorf - Altenheim St. Martin, Köln-Zündorf - Kloster Heisterbach, Königswinter Die Gesellschaft kann alle Geschäfte eingehen, die zur Erreichung oder Förderung des Gesellschaftszwecks dienlich sind und Nebengeschäfte betreiben, die dem Hauptzweck der Gesellschaft entsprechen. In diesem Rahmen kann die Gesellschaft Tochtergesellschaften gründen und sich an anderen Gesellschaften beteiligen. Die Gesellschaft erfüllt ihre sämtlichen vorgenannten Aufgaben aus dem Selbstverständnis und der Zielsetzung der Caritas als einer Wesensfunktion der katholischen Kirche. Die Einrichtungen der Gesellschaft stehen allen Personen ohne Rücksicht auf Glaubensbekenntnis, Staatsangehörigkeit oder Nationalität zur Verfügung. Die Gesellschaft erkennt - die vom Erzbischof von Köln erlassene ""Grundordnung des kirchlichen Dienstes im Rahmen kirchlicher Arbeitsverhältnisse"", -die vom Erzbischof von Köln erlassene ""Grundordnung für katholische Krankenhäuser in Nordrhein-Westfalen"", - die Arbeitsvertragsrichtlinien des Deutschen Caritasverbandes (AVR), - das Mitarbeitervertretungsrecht für den Bereich der Erzdiözese Köln in ihren jeweiligen Fassungen als verbindlich an und wird diese anwenden. Die Gesellschaft wird das Zusammenleben aller an der katholischen Caritas Beteiligten und die Verwirklichung der Ziele des Deutschen Caritasverbandes durch Information und Kooperation fördern. Die Gesellschaft betreibt ihre Geschäfte nach Maßgabe der Organisations- und Zuständigkeitsregelung der gemeinnützigen Gesellschaften der ""Stiftung der Cellitinnen"" in ihrer jeweils geltenden Fassung.",Q,Human Health and Social Work Activities,Q|S|N,0.0218,low_margin,,,
259,1271,JUNISA GMBH,Errichtung und der Betrieb einer privaten medizinischen Klinik für die ambulante und stationäre interdisziplinäre Therapie und für mikrochirurgische Operationen verschiedener medizinischer Fachrichtungen sowie für die ambulante und stationäre Vorsorgediagnostik.,Q,Human Health and Social Work Activities,Q|S|M,0.0035,low_margin,,,
260,3637,BEPABO GmbH,"Einrichtung und der Betrieb sowie die Vermittlung von speziellen Figur- und Wellness-Studios mit angeschlossenen Kosmetikbereichen und Physiotherapeutischen Abteilungen in Deutschland mit Schwerpunkt im Grossraum der Bundesstadt Bonn, ferner die Beratung bei und Vertrieb von Einrichtungen für Studtios, Arzt- und Heilpraktikerpraxen sowie Wellnesseinrichtungen (eingeschlossen Fitnesstudios), schliesslich der Vertrieb von Seniorenprodukten und Wasseraufbereitungsanlagen zur Verwendung in privaten Haushalten und sämtlichen vorgenannten Räumlichkeiten.",Q,Human Health and Social Work Activities,Q|M|S,0.0024,low_margin,,,
261,3786,"""das WTS-Studentenreisebüro GmbH""","Veranstaltung und Vermittlung von Reisen aller Art, die Beschaffung und Vermittlung von Beförderungsausweisen, Reiseversicherungen und anderen Reiseunterlagen sowie der Handel mit Kultur- und Kunstgegenständen",R,"Arts, Entertainment and Recreation",R|I|G,0.1298,representative,,,
262,5098,PM Gastronomie GmbH,"Betrieb von Diskotheken, Tanzlokalen und allen sonstigen gastronomischen Betrieben, die Durchführung von Personalschulungen, Erstellung, Verkauf und Umsetzung von Gastronomie- und Freizeitkonzepten, An- und Verkauf sowie Verleih von Veranstaltungstechnik, Organisation und Durchführung von Veranstaltungen (Eventmanagement), An- und Verkauf, Vermietung, Verpachtung und Betreiben von gastronomischen Freizeiteinrichtungen und der entsprechenden Ausstattung",R,"Arts, Entertainment and Recreation",R|I|C,0.0511,representative,,,
263,968,Delphi Medien GmbH,"Betrieb eines Buch- und Medienverlages und einer literarischen Agentur sowie der Erwerb, die Verwaltung und Wahrnehmung von Urheber- und Urhebernutzungsrechten sowie Herstellung und Verbreitung von Film und anderen medialen Erzeugnissen inclusive Internet",R,"Arts, Entertainment and Recreation",R|J|U,0.0486,representative,,,
264,511,Bees and Rockets GmbH,"Fernseh-, Film- und Videoproduktion sowie Videoschnittarbeiten.",R,"Arts, Entertainment and Recreation",R|C|J,0.0358,representative,,,
265,9965,Gordini GmbH,Handel mit Sport- und Freizeitartikeln,R,"Arts, Entertainment and Recreation",R|G|H,0.0260,representative,,,
266,9012,L & H Verlag GmbH,"die Durchführung von Kulturförderung, Kultursponsoring und Kulturberatung für die Wirtschaft sowie der Betrieb eines Verlages und die Herausgabe von Zeitschriften und Büchern, kunst- und kulturgeschichtlichen Inhalts. Die Gesellschaft ist auch zur Unternehmensberatung, Marketingberatung und Abhaltung von Seminaren sowie Führung von Workshops befugt.",R,"Arts, Entertainment and Recreation",R|M|N,0.0143,low_margin,,,
267,8337,Warnow Erlebnisgastronomie GmbH,"Betreiben von gastronomischen Einrichtungen, Diskotheken und Cocktailbars sowie die Durchführung von Tanzveranstatungen, Events und Werbung.",R,"Arts, Entertainment and Recreation",R|I|M,0.0092,low_margin,,,
268,9535,Toy Innovations GmbH,die Entwicklung und der Vertrieb von Spielwaren und Haustierartikeln.,R,"Arts, Entertainment and Recreation",R|G|S,0.0084,low_margin,,,
269,5139,SAMACO GmbH,"Beratung bezüglich und Vermittlung und/oder Erbringen von Dienstleistungen, die in einem Zusammenhang mit dem Tourismus und der Tourismusbranche stehen; weiter aktive Teilnahme an und Unterstützung von Entwicklungsprozessen in Regionen, die für den Tourismus erschlossen werden können. Hierbei kann die Gesellschaft weltweit tätig werden. Alle mit Erreichung dieses Zwecks zusammenhängenden Tätigkeiten sind vom Gegenstand des Unternehmens erfaßt, auch Kauf, Erschließung, Bebauung, Modernisierung, Verpachtung und Verkauf von Grundstücken und Immobilien.",R,"Arts, Entertainment and Recreation",R|I|N,0.0038,low_margin,,,
270,4792,Kaltenbrunner GmbH,Spezialanstriche-Rostschutz sowie Montagearbeiten.,S,Other Service Activities,S|N|Q,0.0960,representative,,,
271,9532,Phone Professionals GmbH,Die Erbringung und der Verkauf von CallCenter-Dienstleistungen aller Art.,S,Other Service Activities,S|N|M,0.0414,representative,,,
272,3038,PASSI GmbH,"Die Entwicklung und der Vertrieb von Versicherungsprodukten und Finanzdienstleistungen aller Art. Die Gesellschaft kann sämtliche Dienstleistungen erbringen und sonstige Rechtshandlungen vornehmen, die zur Erreichung des Gesellschaftszwecks dienlich sind. Die Gesellschaft betreibt jedoch keine Geschäfte gem. § 34 c Abs. 1 GewO.",S,Other Service Activities,S|K|N,0.0343,representative,,,
273,2690,CIVES UG (haftungsbeschränkt),"Im- und Export sowie der Handel mit Waren aller Art, wie z.B. Hygieneartikel, Schnelltests, Eventszubehör, Fitnessequipment, der Betrieb von Covid Testzentren und die Beratung für Dienstleister der Testzentren und Kleinunternehmer zur Umsetzung von Hygienemaßnahmen.",S,Other Service Activities,S|G|N,0.0319,representative,,,
274,8924,M+K IT Services GmbH,Der Vertrieb und der Service von EDV- Produkten.,S,Other Service Activities,S|N|G,0.0268,representative,,,
275,4895,Pflege- und Betreuungszentrum Paderborn GmbH,Berieb des Pflege- und Betreuungszentrums Paderborn samt allen damit zusammenhängenden Nebengeschäften.,S,Other Service Activities,S|N|M,0.0231,representative,,,
276,3388,MVZ Dr. Mayr und Kollegen Altötting- Burghausen GmbH,Gründung und Betrieb eines Medizinischen Versorgungszentrums im Sinne des § 95 SGB V zur Erbringung aller hiernach zulässigen ärztlichen und nichtärztlichen Leistungen und aller hiermit im Zusammenhang stehenden Tätigkeiten.,S,Other Service Activities,S|Q|N,0.0205,representative,,,
277,8960,beyond-flora GmbH,"Beratungs-, Service,- Marketing und weitere Dienstleistungen in dem Bereich Blumen und Pflanzen sowie alle sonstigen damit im Zusammenhang stehenden Tätigkeiten.",S,Other Service Activities,S|N|M,0.0190,representative,,,
278,6355,Independent Living - betrieblich unterstützte Kindertageseinrichtungen gemeinnützige GmbH,"Die Gesellschaft verfolgt ausschließlich und unmittelbar gemeinnützige Zwecke im Sinne des Abschnitts ""steuerbegünstigte Zwecke"" der Abgabenordnung (§§ 51 ff. AO) in der jeweils gültigen Fassung. Gegenstand der Gesellschaft ist die Gestaltung und Förderung von günstigen Entwicklungsbedingungen für Kinder, insbesondere durch die Wahrnehmung von Aufgaben auf dem Gebiet der Jugendhilfe, Erziehung und Bildung. Die Ziel der Gesellschaft sollen, abgestimmt auf die Bedürfnisse dieser Gruppen, erreicht werden durch - Schaffung, Betrieb und Unterhaltung von Kindertagesstätten und vergleichbaren Einrichtungen zur Tagsbetreuung von Kindern, - Entwicklung und Verbreitung der Gesellschaftsziele durch Publikationen, wissenschaftliche Veranstaltungen, in Lehrgängen und Kurssystemen sowie durch die Gestaltung wissenschaftlich fundierter Projekte.",S,Other Service Activities,S|T|N,0.0023,low_margin,,,
279,8878,Pan-Trans GmbH,"Kurier-, Express- und Postdienstleistungen",S,Other Service Activities,S|N|H,0.0022,low_margin,,,
280,1014,Crown Finanzdienstleistungen Aktiengesellschaft,"Die Gesellschaft erbringt Finanzdienstleistungen aller Art mit Ausnahme der Dienstleistungen, welche einer aufsichtsrechtlichen Erlaubnis bedürfen. Sie ist zu allen Geschäften und Maßnahmen berechtigt, die dem Gegenstand des Unternehmens dienen; innerhalb dieser Grenzen kann sie Zweigniederlassungen errichten und sich an anderen Unternehmen beteiligen.",S,Other Service Activities,S|N|K,0.0012,low_margin,,,
281,9320,Kestermann und Werner GmbH,"der Betrieb von Callcentern und der Vertrieb von SKL, NKL, Lotto und Toto.",S,Other Service Activities,S|G|H,0.0009,low_margin,,,
282,4319,Wunderkopf Technologies GmbH,"Die Entwicklung und der Vertrieb von Hard-, Software- und Kommunikationsdienstleistungen sowie die Ausführung von EDV- Dienstleistungen. Die Gesellschaft ist berechtigt, sich an Gesellschaften ähnlicher Art zu beteiligen oder gleichartige Unternehmen zu erwerben. Sie darf Zweigniederlassungen errichten. Darüber hinaus ist die Gesellschaft befugt, auch weitere Tätigkeiten zu übernehmen, die geeignet sind, den Gesellschaftszweck unmittelbar oder mittelbar zu fördern.",S,Other Service Activities,S|N|J,0.0006,low_margin,,,
283,3834,MediSalesPlus GmbH,"Der Gegenstand des Unternehmens ist die auftragsgemäße Bereitstellung von freiberuflichen Außendienstmitarbeitern, insbesondere Pharmareferenten und medizinischem Pflegepersonal, einerseits zum Vertrieb von elektrischen Abrechnungs- und Kartenterminals, Nahrungsergänzungsmitteln, medizinischen Lifestyle-Produkten, verschreibungsfreien Arzneimitteln, Impfstoffen und Dermo- Kosmetika an sämtliche medizinischen Heilberufe, wie Ärzte, Zahnärzte, Veterinäre und Heilpraktiker sowie an Krankenhäuser und Kliniken und andererseits zur Erbringung von Pflegedienstleistungen.",S,Other Service Activities,S|N|M,0.0003,low_margin,,,
284,1868,Eurosonne GmbH,Die Durchführung von Estrich-Arbeiten.,S,Other Service Activities,S|T|N,0.0003,low_margin,,,
285,7515,A & M Zweibäumer Lohnconsulting GmbH,"Buchführungsservice gem. § 6 Nr. 3 und 4 StberG erlaubte Tätigkeiten, hier insbesondere: laufende Lohnabrechnung, Fertigen der Lohnsteuer-Anmeldungen, betriebswirtschaftliche Beratung.",S,Other Service Activities,S|N|K,0.0003,low_margin,,,
286,4260,COMNITAS Pflegedienst GmbH,"die Pflege und hauswirtschaftliche Versorgung von Pflegebedürftigen in ihrer Wohnung entsprechend der jeweils geltenden Fassung des § 71 SGB XI sowie die Gewährung von Haushaltshilfen und häuslicher Krankenpflege entsprechend der jeweils gültigen Fassung der §§ 132, 132 a SGB V.",T,Activities of Households as Employers,T|S|N,0.0760,representative,,,
287,1413,Alten- und Pflegeheim Rosenhöhe GmbH,"Die Vermietung von Wohnungen sowie der Betrieb eines Alten- und Pflegeheimes mit vollstationärer Pflege, Kurzzeitpflege und Urlaubsbetreuung.",T,Activities of Households as Employers,T|I|L,0.0643,representative,,,
288,2289,EE Immobilien I GmbH,"Verwaltung von eigenem Grundbesitz und Kapitalvermögen sowie sonstige Tätigkeiten, die die vorgenannten Tätigkeiten fördern.",T,Activities of Households as Employers,T|L|K,0.0154,representative,,,
289,5979,Heinrich Bruss Gesellschaft mit beschränkter Haftung,"Vermögens- und Hausverwaltung sowie Handel mit Papier und Verpackungsmaterial aller Art. Die Gesellschaft ist zu allen Geschäften und Maßnahmen berechtigt, die zur Erreichung des Gesellschaftszweckes notwendig oder nützlich erscheinen, auch zur Beteiligung an anderen Unternehmen oder zum Erwerb anderer Unternehmen.",T,Activities of Households as Employers,T|N|S,0.0107,low_margin,,,
290,1205,Zweckverband Thermalbad Birnbach,Betrieb eines Kurmittelhauses,T,Activities of Households as Employers,T|I|L,0.0031,low_margin,,,
291,5773,LSG GmbH Dienstleistungen,Gewerbsmäßige Arbeitnehmerüberlassung gem. § 1 AÜG (Arbeitnehmerüberlassungsgesetz).,T,Activities of Households as Employers,T|N|S,0.0009,low_margin,,,
292,5195,DS Flugzeug Management GmbH,die Beteiligung als Komplementärin oder geschäftsführende Kommanditistin an von der Dr. Peters-Gruppe in Dortmund initiierten Flugzeugfonds,U,Activities of Extraterritorial Organisations,U|K|N,0.1625,representative,,,
293,5341,XJ WISSUZ Media Consult UG (haftungsbeschränkt),"Gegenstand des Unternehmens ist Medienberatung in Deutschland und Lateinamerika, Bewegtbildproduktion im In- und Ausland",U,Activities of Extraterritorial Organisations,U|R|M,0.0815,representative,,,
294,8849,Reflex Winkelmann Beteiligungs-GmbH,"Gegenstand des Unternehmens ist die Beteiligung an anderen Unternehmen im Inund Ausland, u.a. die Beteiligung an der Gesellschaft mit beschränkter Haftung unter der Firma Reflex Winkelmann GmbH mit dem Sitz in Ahlen/Westfalen.",U,Activities of Extraterritorial Organisations,U|M|N,0.0795,representative,,,
295,8215,abc projektüberwachungs UG (haftungsbeschränkt),Übernahme der Stellung der persönlich haftenden Gesellschafterin in der Steden Projektleitungen UG (haftungsbeschränkt) & Co. KG.,U,Activities of Extraterritorial Organisations,U|O|N,0.0092,representative,,,
296,7244,IVAN Sports Europe GmbH,"Die Betreuung von Berufsfußballspielern, insbesondere koreanischer Nationalität, sowie die Vertretung der IVAN Sports Corp. in Europa.",U,Activities of Extraterritorial Organisations,U|M|N,0.0011,low_margin,,,
297,1853,H + S Beteiligungs GmbH,Das Halten einer Beteiligung an der noch zu gründenden Firma H + S Massivbau GmbH & Co. KG.,U,Activities of Extraterritorial Organisations,U|N|M,0.0008,low_margin,,,
298,7010,Nordsee Inkasso GmbH,Betreiben des Inkasso- und Forderungsmanagementgeschäfts. Hierzu zählen insbesondere die außergerichtliche und gerichtliche Einziehung von titulierten oder nicht titulierten fremden Forderungen im fremden Namen.,U,Activities of Extraterritorial Organisations,U|N|O,0.0006,low_margin,,,
